week,cell_production_gwh,oem_production_k,market_demand_gwh,total_backlog_k,price_signal,oem_chinese_oem_k,oem_us_oem_k,oem_german_oem_k,oem_korean_oem_k,oem_japanese_oem_k,stock_lithium_wk,stock_cobalt_wk,stock_graphite_wk,stock_ree_wk,stock_sic_wafer_wk,stock_cells_wk,stock_harness_wk,t1_battery_pack_k,t1_inverter_k,t1_motor_k,t1_harness_k,scenario
0,15.807692307692308,246.0040394456903,15.88571412206233,0.0,1.0,147.60242366741417,31.98052512793974,29.520484733482835,19.680323155655223,17.220282761198323,4.000145964092833,6.000189761283809,4.000145964092833,7.999885701222997,11.999885701222997,4.0002432734880555,2.086280571267009,269.2307692307692,269.2307692307692,269.2307692307692,269.2307692307692,ukraine_harness
1,15.807858990476392,247.22236760571155,15.964268167486757,0.0,0.9999769443156366,148.33342056342693,32.1389077887425,29.666684112685385,19.777789408456925,17.30556573239981,4.0002813853150725,6.000367006294955,4.0002813853150725,7.999783119409718,11.999775689140039,4.0004362951474866,2.1680354064269562,269.2471434078499,269.2296152527322,269.2276150241346,269.2307692307692,ukraine_harness
2,15.808283070196962,248.44902622808397,16.043350819707477,0.0,0.999955474229526,149.06941573685037,32.298373409650914,29.813883147370074,19.87592209824672,17.39143183596588,4.000389983025575,6.000511161879977,4.000389983025575,7.999691053434111,11.999669802981726,4.0006079036866184,2.245233560225936,269.2601352503116,269.2285045538177,269.2247841606336,269.2307692307692,ukraine_harness
3,15.808515114485136,249.6839593947022,16.122944236372298,0.0,0.9999385049660818,149.81037563682133,32.45891472131129,29.962075127364265,19.974716751576178,17.477877157629155,4.000483903678002,6.000637404104169,4.000483903678002,7.999608425299614,11.999567888008201,4.0007513038481655,2.3178442951296025,269.27168582506084,269.2274355108732,269.22224349380673,269.2307692307692,ukraine_harness
4,15.808718324003832,250.92688990352184,16.203040525708033,0.0,0.9999239071216834,150.5561339421131,32.62049568745784,30.111226788422616,20.074151192281747,17.56488229324653,4.000564971103439,6.000747958954793,4.000564971103439,7.999534267516942,11.99946979528301,4.000871721150498,1.5857464643072843,269.28133775901114,269.2264065616213,269.2199632750951,53.84615384615383,ukraine_harness
5,15.808896281879091,252.17769540157713,16.283633068477254,0.0,0.9999113790738388,151.30661724094628,32.78310040220503,30.261323448189255,20.17421563212617,17.6524386781104,4.000634782496286,6.00084477580886,4.000634782496286,7.9994677117758,11.99937538145546,4.000973301877573,0.8490022534773315,269.28944276974505,269.22541620237655,269.2179168055156,53.84615384615383,ukraine_harness
6,15.809052125983094,253.4362733340408,16.364716364547153,0.0,0.9999006572350522,152.0617640004245,32.946715533425305,30.412352800084896,20.274901866723265,17.740539133382857,4.000694736577052,6.00092956180584,4.000694736577052,7.9994079787778665,11.999284508551119,4.001059354619719,0.10758279029795925,269.2962799340674,269.2244629858484,269.2160801230437,53.84615384615383,ukraine_harness
7,15.809188604263232,254.702538557833,16.446285898173105,0.0,0.9998915112697943,152.8215231346998,33.111330012518295,30.56430462693996,20.376203084626642,17.829177699048312,4.000746058255532,6.001003811949097,4.000746058255532,7.999354369112031,11.999197043770192,4.0011325349523545,0.0,269.302071945558,269.2235455190257,269.21443172204306,53.84615384615383,ukraine_harness
8,15.809308123195756,255.9764212462795,16.52833801970477,0.0,0.9998837399129712,153.5858527477677,33.27693476201634,30.71717054955354,20.47811369970236,17.918349487239567,4.000789820229235,6.001068835466776,4.000789820229235,7.999306255065013,11.99911285929344,4.001194987027743,0.0,269.30699754487,269.22266246114134,269.212952301457,53.84615384615383,ukraine_harness
9,15.809412790218346,233.90946550305216,16.610869841706386,23.348399546123318,0.9998771673140521,131.00631948338196,33.44352245639281,30.870943805901053,20.580629203934038,18.008050553442285,4.0008269618979035,6.001125778896995,4.0008269618979035,7.999263073271502,11.9990318320954,4.001248452466492,0.0,269.31120104994426,269.22181252171265,269.21162453881334,53.84615384615383,ukraine_harness
10,15.8095044508899,135.72642249850196,16.693879147730883,146.16880252464549,0.999871639840638,32.3076923076923,33.61108731201314,31.025619057242896,20.68374603816193,18.09827778339169,4.000858305927638,6.001175646304372,4.000858305927638,7.999224318117727,11.998953843764584,4.001294354387177,0.0,269.3147996852447,269.22099445865547,269.2104328873962,53.84615384615383,ukraine_harness
11,15.809584721432634,98.36498628181462,16.77736431220415,307.6470847249065,0.999867023283648,32.3076923076923,10.330092786326814,31.181192217849077,6.35698017620113,18.189028793745297,4.000884572756694,6.0012193169843595,4.000884572756694,7.9991895358212535,11.998878780330449,4.001333862495058,0.0,269.3178892375985,269.22020707646936,269.2093633942103,53.84615384615383,ukraine_harness
12,15.809655017230403,191.3679621503104,16.861324230065403,377.42629178675617,0.9998632004135991,105.0,22.75,31.337660305459206,14.0,18.280301844851206,4.00090639329873,6.001257560967572,4.00090639329873,7.999158319117666,11.99880653209683,4.001367943707498,0.0,269.32054843716736,269.2194492244901,269.2084035366057,175.0,ukraine_harness
13,15.809716577785688,175.51349091041897,16.945758254975676,464.3713117925957,0.9998600688438455,105.0,22.75,21.324310048685625,14.0,12.439180861733346,4.0009243200675035,6.001291052597479,4.0009243200675035,7.999130302491919,11.998736993481643,4.001397401706513,0.0,269.32284236492774,269.2187197952084,269.20754207565096,175.0,ukraine_harness
14,15.80977048857534,175.0,17.0306661450517,553.1485957759324,0.9998575391622035,105.0,22.75,21.0,14.0,12.250000000000002,4.0009388369191585,6.001320382420883,4.0009388369191585,7.999105157898544,11.998670062862582,4.001422907989434,0.0,269.3248251148615,269.2180177226512,269.20676892453656,175.0,ukraine_harness
15,15.809817700190436,175.0,17.116048015209994,643.2520808741583,0.9998555332972514,105.0,22.75,21.0,14.0,12.250000000000002,4.0009503675839,6.00134606760083,4.0009503675839,7.999082590920574,11.998605642428615,4.001445026370538,0.0,269.3265418839042,269.21734198082413,269.20607503046944,175.0,ukraine_harness
16,15.809859045097719,175.0,17.20190429531751,734.6891973744749,0.9998539830898355,105.0,22.75,21.0,14.0,12.250000000000002,4.000959283137491,6.001368561035577,4.000959283137491,7.999062337322233,11.99854363803704,4.001464232419843,0.0,269.3280306210939,269.216691582212,269.2054522686735,175.0,ukraine_harness
17,15.809895252318231,175.0,17.288235693443323,827.4673827070454,0.9998528290440176,105.0,22.75,21.0,14.0,12.250000000000002,4.000965908544307,6.0013882593444,4.000965908544307,7.999044159955004,11.998483959075912,4.001480928972525,0.0,269.32932333595096,269.2160655763355,269.2048933472578,175.0,ukraine_harness
18,15.809926960281874,175.0,17.37504316359156,921.5940857769175,0.9998520192349452,105.0,22.75,21.0,14.0,12.250000000000002,4.000970528387326,6.001405509861042,4.000970528387326,7.999027845980877,11.998426518331623,4.001495458575566,0.0,269.33044714238144,269.21546304836255,269.20439172183524,175.0,ukraine_harness
19,15.809954728084655,175.0,17.46232787737139,1017.0767707940057,0.9998515083539454,105.0,22.75,21.0,14.0,12.250000000000002,4.000973391886083,6.001420616758143,4.000973391886083,7.9990132043802245,11.998371231861448,4.001508113535976,0.0,269.3314250964323,269.2148831177712,269.20394151889536,175.0,ukraine_harness
20,15.809979045347037,175.0,17.55009119912586,1113.92292066237,0.9998512568736264,105.0,22.75,21.0,14.0,12.250000000000002,4.0009747172910775,6.001433846410607,4.0009747172910775,7.999000063715176,11.998318018870874,4.001519144081492,0.0,269.33227687261376,269.2143249370627,269.2035374670312,175.0,ukraine_harness
21,15.810000340847228,175.0,17.638334664099602,1212.140039982595,0.9998512303179214,105.0,22.75,21.0,14.0,12.250000000000002,4.000974695732113,6.001445432092508,4.000974695732113,7.998988270122245,11.998266801595527,4.001528765027963,0.0,269.3330193131773,269.21378769052325,269.2031748352169,175.0,ukraine_harness
22,15.81001899008173,175.0,17.727059959276485,1311.7356577145424,0.9998513986239118,105.0,22.75,21.0,14.0,12.250000000000002,4.000973494588424,6.001455578090332,4.000973494588424,7.998977685510759,11.998217505187533,4.00153716125875,0.0,269.33366687688215,269.2132705930318,269.20284937741195,175.0,ukraine_harness
23,15.810035321886303,175.0,17.816268906562893,1412.717329542004,0.999851735583906,105.0,22.75,21.0,14.0,12.250000000000002,4.000971260440018,6.001464463305093,4.000971260440018,7.998968185945956,11.998170057606133,4.00154449225359,0.0,269.3342320078005,269.21277288891264,269.20255728284496,175.0,ukraine_harness
24,15.810046034509227,175.0,17.905963448031873,1515.0926399757495,0.9998522183577071,105.0,22.75,21.0,14.0,12.250000000000002,4.000968348706354,6.001472616017443,4.000968348706354,7.998959660197838,11.998124389512407,4.001550668798352,0.0,269.33472544014546,269.21229385083114,269.2022951313932,175.0,ukraine_harness
25,15.810053222653222,175.0,17.996145869675438,1618.8692042270252,0.999852783202052,105.0,22.75,21.0,14.0,12.250000000000002,4.000964982314626,6.00148037004684,4.000964982314626,7.998952008438787,11.998080434167939,4.001555756466023,0.0,269.3351411691198,269.21183277873104,269.20205985353647,175.0,ukraine_harness
26,15.810059634748384,175.0,18.086818677468276,1724.0546735648586,0.9998533907904517,105.0,22.75,21.0,14.0,12.250000000000002,4.0009612103507814,6.00148778883777,4.0009612103507814,7.9989451410746835,11.998038127337288,4.001559978283972,0.0,269.33548360829,269.21138899881095,269.2018486944165,175.0,ukraine_harness
27,15.810065377747819,175.0,18.177984424029248,1830.6567387442126,0.9998540345634539,105.0,22.75,21.0,14.0,12.250000000000002,4.000957075135865,6.001494927451071,4.000957075135865,7.998938977695857,11.997997407194124,4.001563508309327,0.0,269.33576776911355,269.21096186254,269.20165918158017,175.0,ukraine_harness
28,15.810070544273573,175.0,18.269645704056405,1938.6831307356051,0.9998547089636892,105.0,22.75,21.0,14.0,12.250000000000002,4.000952613132476,6.0015018336922665,4.000952613132476,7.998933446135569,11.997958214230863,4.00156648296032,0.0,269.33600536697395,269.2105507457099,269.2014890960299,175.0,ukraine_harness
29,15.810075214542577,175.0,18.361805150391614,2048.141621383722,0.9998554092940231,105.0,22.75,21.0,14.0,12.250000000000002,4.000947855729404,6.001508549088341,4.000947855729404,7.998928481625015,11.997920491171714,4.00156900963771,0.0,269.3362055838677,269.2101550475232,269.20133644624116,175.0,ukraine_harness
30,15.81007557330158,175.0,18.45446543063042,2159.0400240048166,0.9998561315954064,105.0,22.75,21.0,14.0,12.250000000000002,4.000943075634427,6.001515491775751,4.000943075634427,7.998924026034954,11.99788418288897,4.0015709275835265,0.0,269.336375648692,269.2097741897144,269.2011994448442,175.0,ukraine_harness
31,15.810075342263385,175.0,18.547629503544954,2271.3861939313806,0.9998568259315922,105.0,22.75,21.0,14.0,12.250000000000002,4.000938310152872,6.0015227281358925,4.000938310152872,7.9989200271950756,11.997849236322455,4.001572351616101,0.0,269.3365047411989,269.20940761570597,269.2010764876954,175.0,ukraine_harness
32,15.8100753670439,175.0,18.641300380485433,2385.188033049584,0.9998574862977376,105.0,22.75,21.0,14.0,12.250000000000002,4.000933543103922,6.001530243673546,4.000933543103922,7.998916438283134,11.997815600401973,4.0015734213464995,0.0,269.33660058954524,269.20905478979404,269.20096613509486,175.0,ukraine_harness
33,15.810075616078407,175.0,18.73548107052867,2500.4534906218764,0.9998581166229072,105.0,22.75,21.0,14.0,12.250000000000002,4.000928760303264,6.001538026528293,4.000928760303264,7.998913217276712,11.997783225972679,4.001574239500101,0.0,269.33667259062975,269.2087151963661,269.20086709492875,175.0,ukraine_harness
34,15.810076062382473,175.0,18.8301745826904,2617.1905632555568,0.9998587203710411,105.0,22.75,21.0,14.0,12.250000000000002,4.000923949273379,6.001546067112874,4.000923949273379,7.998910326461185,11.997752065723246,4.001574881424143,0.0,269.33672765866066,269.20838833914723,269.20077820754,175.0,ukraine_harness
35,15.810076682904075,175.0,18.925383927862505,2735.4072949057927,0.9998593006020369,105.0,22.75,21.0,14.0,12.250000000000002,4.0009190989948165,6.001554357803125,4.0009190989948165,7.998907731988117,11.997722074116727,4.001575402178318,0.0,269.3367708650866,269.2080737404751,269.20069843215,175.0,ukraine_harness
36,15.810077457967711,191.15384615384613,19.021112120511383,2838.957930754972,0.9998598600245932,114.69230769230768,24.849999999999998,22.938461538461535,15.292307692307691,13.38076923076923,4.000914199692621,6.001562892672195,4.000914199692621,7.998905403478934,11.997693207324001,4.001575841818256,0.0,269.33680591584834,269.20777094060156,269.2006268346721,191.15384615384613,ukraine_harness
37,15.810078370797461,207.30769230769232,19.117362180168577,2927.850609580043,0.9998604010419463,124.38461538461539,26.950000000000003,24.876923076923077,16.584615384615386,14.511538461538464,4.000909242652934,6.001571667262738,4.000909242652934,7.9989033136692225,11.997665423159733,4.0015762293284824,0.0,269.336835506998,269.20747949702115,269.2005625767745,207.30769230769232,ukraine_harness
38,15.81007940710775,223.46153846153848,19.214137132740962,3002.0935176815474,0.9998609257914768,134.0769230769231,29.050000000000004,26.815384615384616,17.876923076923077,15.642307692307694,4.000904220065474,6.001580678391731,4.000904220065474,7.998901438089489,11.997638681020712,4.001576585546633,0.0,269.3368615894171,269.20719898382424,269.2005049060641,223.46153846153848,ukraine_harness
39,15.810080554752275,239.61538461538464,19.31144001166394,3061.6948889869095,0.9998614361790154,143.76923076923077,31.150000000000006,28.753846153846155,19.169230769230772,16.773076923076925,4.000899124888226,6.001589923983259,4.000899124888226,7.998899754778654,11.997612941826528,4.001576925334697,0.0,269.3368855656388,269.2069289910745,269.20045314727724,239.61538461538464,ukraine_harness
40,15.810081803422785,255.7692307692308,19.409273858917985,3106.6630051717066,0.9998619339085805,153.46153846153848,33.25000000000001,30.692307692307693,20.461538461538463,17.903846153846157,4.000893950731188,6.001599402925332,4.000893950731188,7.998898244026899,11.997588167962448,4.0015772591886005,0.0,269.3369084359892,269.2066691242101,269.2004066943725,255.7692307692308,ukraine_harness
41,15.810083144390646,269.2307692307692,19.50764172592635,3139.69850348909,0.9998624205081649,161.53846153846152,35.0,32.30769230769231,21.53846153846154,18.846153846153847,4.0008886917564475,6.001609114947311,4.0008886917564475,7.998896888144898,11.997564323224458,4.001577594429218,0.0,269.33693090692503,269.20641900346703,269.2003650034346,269.2307692307692,ukraine_harness
42,15.810084570285165,269.2307692307692,19.606546674349165,3174.271299997821,0.9998628973521075,161.53846153846152,35.0,32.30769230769231,21.53846153846154,18.846153846153847,4.0008833425923,6.001619060515036,4.0008833425923,7.998895671256688,11.997541372766346,4.001577936081708,0.0,269.3369534711974,269.20617826332386,269.20032758630634,269.2307692307692,ukraine_harness
43,15.810086074903401,269.2307692307692,19.70599177678729,3210.3898204950065,0.9998633656805191,161.53846153846152,35.0,32.30769230769231,21.53846153846154,18.846153846153847,4.000877898259384,6.001629240741142,4.000877898259384,7.998894579113774,11.997519283048783,4.001578287523092,0.0,269.336976467038,269.20594655196794,269.20029400487203,269.2307692307692,ukraine_harness
44,15.810087653047024,269.2307692307692,19.805980117407525,3248.062539152116,0.9998638266161544,161.53846153846152,35.0,32.30769230769231,21.53846153846154,18.846153846153847,4.000872354107138,6.00163965730842,4.000872354107138,7.998893598928305,11.99749802179031,4.001578650957659,0.0,269.33700012174654,269.205723530781,269.20026386592815,269.2307692307692,ukraine_harness
45,15.810089300382405,269.2307692307692,19.906514792499088,3287.2979786992296,0.9998642811790801,161.53846153846152,35.0,32.30769230769231,21.53846153846154,18.846153846153847,4.000866705759105,6.0016503124043785,4.000866705759105,7.99889271922333,11.99747755792016,4.001579027764735,0.0,269.33702458368856,269.2055088738445,269.20023681657915,269.2307692307692,ukraine_harness
46,15.810091013320585,269.2307692307692,20.007598910970184,3328.1047106179662,0.9998647302994359,161.53846153846152,35.0,32.30769230769231,21.53846153846154,18.846153846153847,4.000860949065835,6.001661208665415,4.000860949065835,7.998891929698423,11.997457861532853,4.001579418751946,0.0,269.3370499457033,269.20530226746314,269.2002125401054,269.2307692307692,ukraine_harness
47,15.810092788914346,269.2307692307692,20.10923559479221,3370.491355342178,0.9998651748285421,161.53846153846152,35.0,32.30769230769231,21.53846153846154,18.846153846153847,4.000855080064295,6.001672349129253,4.000855080064295,7.9988912211090675,11.997438903844492,4.0015798243386715,0.0,269.33707626215016,269.2051034097067,269.20019075225457,269.2307692307692,ukraine_harness
48,15.810094624769967,269.2307692307692,20.21142797939807,3414.46658246558,0.9998656155485781,161.53846153846152,35.0,32.30769230769231,21.53846153846154,18.846153846153847,4.000849094942855,6.001683737194464,4.000849094942855,7.998890585158422,11.997420657150702,4.001580244688082,0.0,269.33710356125675,269.20491200996844,269.2001711979137,269.2307692307692,ukraine_harness
49,15.810096518971532,269.2307692307692,20.314179214040465,3460.0391109556135,0.9998660531810233,161.53846153846152,35.0,32.30769230769231,21.53846153846154,18.846153846153847,4.000842990011069,6.001695376586094,4.000842990011069,7.998890014400169,11.997403094786138,4.001580679801391,0.0,269.3371318540055,269.2047277885407,269.20015364812184,269.2307692307692,ukraine_harness
50,15.810098470016072,269.2307692307692,20.417492462114968,3507.2177093729165,0.9998664883940237,161.53846153846152,35.0,32.30769230769231,21.53846153846154,18.846153846153847,4.000836761673557,6.001707271326516,4.000836761673557,7.998889502151323,11.997386191085521,4.00158112958444,0.0,269.3371611404782,269.2045504762062,269.20013789738925,269.2307692307692,ukraine_harness
51,15.810100476757949,269.2307692307692,20.52137090145233,3556.011196095846,0.9998669218088303,161.53846153846152,35.0,32.30769230769231,21.53846153846154,18.846153846153847,4.000830406407399,6.0017194257107915,4.000830406407399,7.998889042413985,11.99736992134613,4.00158159389414,0.0,269.33719141433727,269.20437981384424,269.2001237612913,269.2307692307692,ukraine_harness
52,15.810102538361207,269.2307692307692,20.62581772458366,3606.428439549589,0.9998673540054284,161.53846153846152,35.0,32.30769230769231,21.53846153846154,18.846153846153847,4.000823920742554,6.0017318442859,4.000823920742554,7.998888629805111,11.9973542617917,4.001582072570284,0.0,269.33722266595174,269.2042155520523,269.200111074309,269.2307692307692,ukraine_harness
53,15.81010465425875,269.2307692307692,20.73083613898178,3658.4783584394204,0.9998677855274685,161.53846153846152,35.0,32.30769230769231,21.53846153846154,18.846153846153847,4.0008173012448465,6.001744531833294,4.0008173012448465,7.998888259493481,11.997339189537684,4.001582565456833,0.0,269.33725488453837,269.2040574507816,269.20009968789105,269.2307692307692,ukraine_harness
54,15.810106824117382,269.2307692307692,20.836429367281657,3712.1699219877614,0.9998682168865906,161.53846153846152,35.0,32.30769230769231,21.53846153846154,18.846153846153847,4.000810544501179,6.001757493354323,4.000810544501179,7.998887927143129,11.997324682557794,4.001583072415668,0.0,269.3372880595945,269.2039052789862,269.20008946871434,269.2307692307692,ukraine_harness
55,15.810109047807874,269.2307692307692,20.94260064748224,3767.5121501746853,0.9998686485662187,161.53846153846152,35.0,32.30769230769231,21.53846153846154,18.846153846153847,4.000803647106626,6.001770734058121,4.000803647106626,7.998887628862584,11.99731071965183,4.0015835933350115,0.0,269.3373221818238,269.20375881428544,269.2000802971229,269.2307692307692,ukraine_harness
56,15.810111325379339,269.2307692307692,21.049353233131974,3824.514113981606,0.9998690810248984,161.53846153846152,35.0,32.30769230769231,21.53846153846154,18.846153846153847,4.000796605653158,6.001784259351616,4.000796605653158,7.998887361159288,11.997297280414688,4.001584128134126,0.0,269.3373572437027,269.20361784263866,269.20007206572706,269.2307692307692,ukraine_harness
57,15.810113657037336,269.2307692307692,21.156690393499783,3883.1849356378784,0.9998695146992358,161.53846153846152,35.0,32.30769230769231,21.53846153846154,18.846153846153847,4.000789416719741,6.001798074831385,4.000789416719741,7.998887120898716,11.997284345206543,4.001584676765451,0.0,269.33739323979694,269.2034821580329,269.20006467814574,269.2307692307692,ukraine_harness
58,15.810116043125129,269.2307692307692,21.2646154137332,3943.533788870097,0.9998699500064893,161.53846153846152,35.0,32.30769230769231,21.53846153846154,18.846153846153847,4.000782076863629,6.001812186277065,4.000782076863629,7.998886905267668,11.997271895124145,4.001585239215027,0.0,269.33743016690534,269.20335156218147,269.20005804787803,269.2307692307692,ukraine_harness
59,15.810118484107697,269.2307692307692,21.373131595005006,4005.569899153882,0.99987038734686,161.53846153846152,35.0,32.30769230769231,21.53846153846154,18.846153846153847,4.000774582612668,6.001826599646156,4.000774582612668,7.998886711741329,11.9972599119732,4.001585815501789,0.0,269.33746802408837,269.2032258642342,269.20005209729044,269.2307692307692,ukraine_harness
60,15.810120980558086,269.2307692307692,21.482242254649645,4069.3025439679805,0.9998708271055196,161.53846153846152,35.0,32.30769230769231,21.53846153846154,18.846153846153847,4.0007669304584565,6.001841321069987,4.0007669304584565,7.998886538053705,11.997248378241778,4.001586405676189,0.0,269.3375068126204,269.20310488049864,269.2000467567078,269.2307692307692,ukraine_harness
61,15.810123533145761,269.2307692307692,21.59195072629047,4134.741053050524,0.9998712696544078,161.53846153846152,35.0,32.30769230769231,21.53846153846154,18.846153846153847,4.000759116850249,6.001856356850709,4.000759116850249,7.9988863821711,11.99723727707472,4.001587009818414,0.0,269.33754653589733,269.2029884341718,269.2000419635974,269.2307692307692,ukraine_harness
62,15.810126142626713,269.2307692307692,21.702260359958725,4201.894808657298,0.9998717153538328,161.53846153846152,35.0,32.30769230769231,21.53846153846154,18.846153846153847,4.000751138189483,6.001871713459178,4.000751138189483,7.998886242268288,11.99722659224901,4.001587628036431,0.0,269.3375871993163,269.20287635508134,269.2000376618371,269.2307692307692,ukraine_harness
63,15.810128809835032,269.2307692307692,21.813174522205156,4270.773245821894,0.999872164553895,161.53846153846152,35.0,32.30769230769231,21.53846153846154,18.846153846153847,4.000742990824839,6.001887397533607,4.000742990824839,7.998886116707153,11.997216308150062,4.00158826046398,0.0,269.33762881014434,269.20276847943717,269.20003380105754,269.2307692307692,ukraine_harness
64,15.810131535675755,269.2307692307692,21.924696596204797,4341.38585261763,0.9998726175957602,161.53846153846152,35.0,32.30769230769231,21.53846153846154,18.846153846153847,4.000734671047751,6.001903415878888,4.000734671047751,7.998886004017505,11.997206409748904,4.001588907258626,0.0,269.3376713773833,269.20266464959195,269.20003033605315,269.2307692307692,ukraine_harness
65,15.810134321118838,269.2307692307692,22.036829981855742,4413.742170421139,0.9998730748127986,161.53846153846152,35.0,32.30769230769231,21.53846153846154,18.846153846153847,4.000726175088305,6.001919775466503,4.000726175088305,7.9988859028798664,11.997196882580214,4.001589568599908,0.0,269.33771491163833,269.20256471381106,269.2000272262523,269.2307692307692,ukraine_harness
66,15.810137167194041,269.2307692307692,22.149578095872233,4487.85179417752,0.9998735365316102,161.53846153846152,35.0,32.30769230769231,21.53846153846154,18.846153846153847,4.0007174991114525,6.001936483434946,4.0007174991114525,7.998885812110021,11.997187712721185,4.001590244687631,0.0,269.3377594249938,269.2024685260502,269.2000244352425,269.2307692307692,ukraine_harness
67,15.810140074986638,269.2307692307692,22.26294437187264,4563.724372666975,0.9998740030729443,161.53846153846152,35.0,32.30769230769231,21.53846153846154,18.846153846153847,4.000708639213499,6.0019535470906,4.000708639213499,7.998885730645148,11.997178886771175,4.001590935740314,0.0,269.33780493089824,269.20237594574274,269.20002193034384,269.2307692307692,ukraine_harness
68,15.810131844539598,269.2307692307692,22.37693226046272,4641.369608772848,0.999874474752535,161.53846153846152,35.0,32.30769230769231,21.53846153846154,18.846153846153847,4.000700299900432,6.001971611658409,4.000700299900432,7.99888565753138,11.997170391832121,4.001590933512186,0.0,269.3378514440596,269.2022868375936,269.2000196822267,269.2307692307692,ukraine_harness
69,15.810114387610378,269.2307692307692,22.491546005814804,4720.7972597509915,0.9998748367971996,161.53846153846152,35.0,32.30769230769231,21.53846153846154,18.846153846153847,4.00069306475746,6.00199117708674,4.00069306475746,7.998885591912629,11.997162215489691,4.001589827670777,0.0,269.33785129408943,269.20220107138204,269.2000176645679,269.2307692307692,ukraine_harness
70,15.810100308949051,269.2307692307692,22.60679052216084,4802.017149599384,0.9998749955861697,161.53846153846152,35.0,32.30769230769231,21.53846153846154,18.846153846153847,4.000686720105401,6.002011995378174,4.000686720105401,7.998885533020568,11.997154345795149,4.001588107691199,0.0,269.33777686245617,269.20211852177096,269.20001585374274,269.2307692307692,ukraine_harness
71,15.810088966426765,269.2307692307692,22.722670519045707,4885.039179504441,0.9998749882602155,161.53846153846152,35.0,32.30769230769231,21.53846153846154,18.846153846153847,4.0006810928804315,6.002033865990457,4.0006810928804315,7.998885480165633,11.997146771247882,4.001586100112056,0.0,269.3376610945999,269.2020390681241,269.20001422854835,269.2307692307692,ukraine_harness
72,15.81007984005498,269.2307692307692,22.839190543686236,4969.873324657981,0.9998748449040484,161.53846153846152,35.0,32.30769230769231,21.53846153846154,18.846153846153847,4.000676042908579,6.002056626812381,4.000676042908579,7.998885432728949,11.997139480778605,4.001584016979226,0.0,269.3375259690807,269.2019625943296,269.20001276995544,269.2307692307692,ukraine_harness
73,15.81006574959206,269.2307692307692,22.956355015479673,5056.529631733963,0.9998745898875847,161.53846153846152,35.0,32.30769230769231,21.53846153846154,18.846153846153847,4.000671884174103,6.002080496712479,4.000671884174103,7.99888539015508,11.997132463733173,4.001581563189517,0.0,269.3373857582171,269.2018889886302,269.20001146088543,269.2307692307692,ukraine_harness
74,15.810052496478113,269.2307692307692,23.074168724747356,5145.018216902721,0.9998741749623026,161.53846153846152,35.0,32.30769230769231,21.53846153846154,18.846153846153847,4.000668563713755,6.00210537315983,4.000668563713755,7.998885351945533,11.997125709857022,4.001578884334332,0.0,269.3372205992944,269.20181814345995,269.2000102860104,269.2307692307692,ukraine_harness
75,15.810042129419712,269.2307692307692,23.192636429548596,5235.34927161691,0.9998736111107644,161.53846153846152,35.0,32.30769230769231,21.53846153846154,18.846153846153847,4.0006658989813255,6.002131051043305,4.0006658989813255,7.99888531765291,11.997119209280175,4.001576219204347,0.0,269.3370402917339,269.20174995528726,269.20000923157386,269.2307692307692,ukraine_harness
76,15.810034020456273,269.2307692307692,23.311762711080522,5327.533062115053,0.9998729297750724,161.53846153846152,35.0,32.30769230769231,21.53846153846154,18.846153846153847,4.000663747149809,6.002157369912284,4.000663747149809,7.998885286875684,11.997112952502823,4.001573707196603,0.0,269.3368609079849,269.2016843244633,269.20000828522933,269.2307692307692,ukraine_harness
77,15.81002767826279,269.2307692307692,23.431552016439728,5421.579926671703,0.9998721555705715,161.53846153846152,35.0,32.30769230769231,21.53846153846154,18.846153846153847,4.00066199646905,6.00218420425922,4.00066199646905,7.998885259253483,11.997106930381438,4.001571421795594,0.0,269.3366918305406,269.20162115507657,269.2000074358963,269.2307692307692,ukraine_harness
78,15.810022718419813,269.2307692307692,23.55200869228412,5517.500273513739,0.9998713077705642,161.53846153846152,35.0,32.30769230769231,21.53846153846154,18.846153846153847,4.00066055950385,6.002211455916574,4.00066055950385,7.9988852344628825,11.997101134115418,4.001569393806889,0.0,269.3365380054727,269.2015603548126,269.2000066736298,269.2307692307692,ukraine_harness
79,15.810018840152267,269.2307692307692,23.673137011338802,5615.304579261068,0.99987040146802,161.53846153846152,35.0,32.30769230769231,21.53846153846154,18.846153846153847,4.000659367843365,6.0022390481080805,4.000659367843365,7.998885212213608,11.997095555234218,4.001567627313302,0.0,269.3364015062329,269.2015018348191,269.2000059895046,269.2307692307692,ukraine_harness
80,15.810015808129604,269.2307692307692,23.79494119327449,5715.003387780274,0.9998694484845494,161.53846153846152,35.0,32.30769230769231,21.53846153846154,18.846153846153847,4.00065836796167,6.002266920794371,4.00065836796167,7.998885192245146,11.997090185584975,4.001566110492426,0.0,269.3362826076261,269.2014455095763,269.20000537551016,269.2307692307692,ukraine_harness
81,15.81001343822596,269.2307692307692,23.91742542116051,5816.607309363539,0.9998684580816329,161.53846153846152,35.0,32.30769230769231,21.53846153846154,18.846153846153847,4.000657517979003,6.002295027031326,4.000657517979003,7.998885174323684,11.997085017320593,4.00156482283014,0.0,269.3361805139133,269.20139129677136,269.2000048244574,269.2307692307692,ukraine_harness
82,15.810011586378739,269.2307692307692,24.040593854437866,5920.127020163921,0.9998674375171237,161.53846153846152,35.0,32.30769230769231,21.53846153846154,18.846153846153847,4.000656785127723,6.002323330120798,4.000656785127723,7.998885158239382,11.997080042888278,4.001563739826737,0.0,269.33609384433635,269.2013391171791,269.200004329894,269.2307692307692,ukraine_harness
83,15.810010139871384,269.2307692307692,24.164450639155678,6025.573261832785,0.9998663924806889,161.53846153846152,35.0,32.30769230769231,21.53846153846154,18.846153846153847,4.000656143769634,6.002351801381304,4.000656143769634,7.99888514380391,11.997075255018498,4.001562835975606,0.0,269.3360209498765,269.2012888945451,269.2000038860291,269.2307692307692,ukraine_harness
84,15.810009010512916,269.2307692307692,24.28899991605575,6132.956841316733,0.9998653274345302,161.53846153846152,35.0,32.30769230769231,21.53846153846154,18.846153846153847,4.0006555738447185,6.002380418403781,4.0006555738447185,7.998885130848244,11.997070646714356,4.001562086566133,0.0,269.3359601137427,269.2012405554752,269.2000034876656,269.2307692307692,ukraine_harness
85,15.810008129301522,269.2307692307692,24.414245826964958,6242.288630780533,0.999864245879989,161.53846153846152,35.0,32.30769230769231,21.53846153846154,18.846153846153847,4.000655059657399,6.002409163686858,4.000655059657399,7.9988851192206845,11.997066211241371,4.001561468698506,0.0,269.33590967272045,269.20119402932767,269.20000313013907,269.2307692307692,ukraine_harness
86,15.810007442249228,269.2307692307692,24.540192519857094,6353.579567629691,0.9998631505661639,161.53846153846152,35.0,32.30769230769231,21.53846153846154,18.846153846153847,4.000654588926897,6.00243802356909,4.000654588926897,7.998885108785085,11.997061942117634,4.001560961780845,0.0,269.33586808547636,269.20114924811,269.20000280926314,269.2307692307692,ukraine_harness
87,15.810006907115115,269.2307692307692,24.666844152868475,6466.840654611914,0.9998620436531557,161.53846153846152,35.0,32.30769230769231,21.53846153846154,18.846153846153847,4.000654152044221,6.002466987393511,4.000654152044221,7.998885099419258,11.997057833104336,4.001560547695444,0.0,269.3358339660184,269.20110614637997,269.20000252128074,269.2307692307692,ukraine_harness
88,15.810006490849323,269.2307692307692,24.79420489749097,6582.082959981188,0.9998609268398082,161.53846153846152,35.0,32.30769230769231,21.53846153846154,18.846153846153847,4.000653741490816,6.002496046853971,4.000653741490816,7.998885091013538,11.997053878196647,4.001560210761828,0.0,269.33580609488564,269.20106466114953,269.2000022628199,269.2307692307692,ukraine_harness
89,15.810006167593194,269.2307692307692,24.92227894111826,6699.31761771165,0.999859801463677,161.53846153846152,35.0,32.30769230769231,21.53846153846154,18.846153846153847,4.00065335138372,6.002525195483705,4.00065335138372,7.998885083469502,11.997050071614948,4.001559937582522,0.0,269.3357834166615,269.2010247317931,269.20000203085436,269.2307692307692,ukraine_harness
90,15.810005917114568,269.2307692307692,25.051070489083642,6818.555827751178,0.9998586685792578,161.53846153846152,35.0,32.30769230769231,21.53846153846154,18.846153846153847,4.000652977119675,6.002554428255178,4.000652977119675,7.998885076698819,11.997046407796379,4.0015597168284085,0.0,269.33576502959284,269.20098629995863,269.200001822668,269.2307692307692,ukraine_harness
91,15.810005723583538,269.2307692307692,25.180583766298174,6939.808856306771,0.9998575290192135,161.53846153846152,35.0,32.30769230769231,21.53846153846154,18.846153846153847,4.00065261509668,6.002583741267001,4.00065261509668,7.99888507062221,11.997042881386712,4.001559539000291,0.0,269.3357501711429,269.20094930948267,269.2000016358232,269.2307692307692,ukraine_harness
92,15.810005574614577,269.2307692307692,25.310823018574638,7063.088036155505,0.9998563834422916,161.53846153846152,35.0,32.30769230769231,21.53846153846154,18.846153846153847,4.000652262496137,6.002613131498972,4.000652262496137,7.998885065168524,11.99703948723252,4.001559396189446,0.0,269.33573820194266,269.20091370630814,269.20000146813214,269.2307692307692,ukraine_harness
93,15.810005460517091,269.2307692307692,25.441792513704645,7188.404766976161,0.9998552323708298,161.53846153846152,35.0,32.30769230769231,21.53846153846154,18.846153846153847,4.000651917112387,6.002642596620411,4.000651917112387,7.9988850602739054,11.99703622037366,4.001559281850622,0.0,269.33572858967426,269.20087943840525,269.2000013176314,269.2307692307692,ukraine_harness
94,15.810005373709041,269.2307692307692,25.573496542341758,7315.770515697691,0.9998540762201162,161.53846153846152,35.0,32.30769230769231,21.53846153846154,18.846153846153847,4.000651577219342,6.002672134840202,4.000651577219342,7.998885055881043,11.99703307603601,4.001559190594675,0.0,269.33572089379186,269.2008464556956,269.2000011825587,269.2307692307692,ukraine_harness
95,15.810005308258141,269.2307692307692,25.705939418732225,7445.196816861476,0.9998529153213732,161.53846153846152,35.0,32.30769230769231,21.53846153846154,18.846153846153847,4.000651241466139,6.0027017447894675,4.000651241466139,7.9988850519385,11.997030049624499,4.001559118003992,0.0,269.33571475156464,269.20081470997894,269.2000010613326,269.2307692307692,ukraine_harness
96,15.810005259522908,269.2307692307692,25.839125481326104,7576.695272995033,0.9998517499397528,161.53846153846152,35.0,32.30769230769231,21.53846153846154,18.846153846153847,4.000650908795493,6.002731425429765,4.000650908795493,7.998885048400115,11.99702713671639,4.001559060471358,0.0,269.3357098656533,269.20078415486273,269.2000009525336,269.2307692307692,ukraine_harness
97,15.810005223871789,269.2307692307692,25.97305909329448,7710.2775549952885,0.9998505802884283,161.53846153846152,35.0,32.30769230769231,21.53846153846154,18.846153846153847,4.000650578379821,6.002761175981263,4.000650578379821,7.998885045224455,11.99702433305482,4.001559015061312,0.0,269.33570599326447,269.2007547456943,269.2000008548878,269.2307692307692,ukraine_harness
98,15.81000519846342,269.2307692307692,26.10774464297299,7845.955402519953,0.999849406539631,161.53846153846152,35.0,32.30769230769231,21.53846153846154,18.846153846153847,4.0006502495712555,6.002790995866544,4.0006502495712555,7.9988850423743365,11.997021634542577,4.001558979392249,0.0,269.3357029368191,269.2007264394958,269.20000076725177,269.2307692307692,ukraine_harness
99,15.810005181074693,269.2307692307692,26.243186544247642,7983.740624385864,0.9998482288332974,161.53846153846152,35.0,32.30769230769231,21.53846153846154,18.846153846153847,4.000649921862546,6.002820884666635,4.000649921862546,7.998885039816389,11.99701903723611,4.001558951537127,0.0,269.33570053601676,269.20069919490106,269.20000068859946,269.2307692307692,ukraine_harness
100,15.810005169966232,269.2307692307692,26.37938923689545,8123.645098973388,0.9998470472838434,161.53846153846152,35.0,32.30769230769231,21.53846153846154,18.846153846153847,4.00064959485646,6.002850842086605,4.00064959485646,7.998885037520662,11.997016537339768,4.001558929940451,0.0,269.3356986611527,269.20067297209533,269.20000061800994,269.2307692307692,ukraine_harness
101,15.810005163777129,269.2307692307692,26.516357186889664,8265.680774636172,0.9998458619854772,161.53846153846152,35.0,32.30769230769231,21.53846153846154,18.846153846153847,4.000649268241841,6.002880867928653,4.000649268241841,7.9988850354602725,11.997014131200253,4.001558913349376,0.0,269.33569720753036,269.20064773275726,269.20000055465675,269.2307692307692,ukraine_harness
102,15.810005161442612,269.2307692307692,26.654094886677424,8409.859670115717,0.9998446730163615,161.53846153846152,35.0,32.30769230769231,21.53846153846154,18.846153846153847,4.000648941774883,6.002910962071041,4.000648941774883,7.9988850336110975,11.997011815301283,4.001558900756795,0.0,269.3356960908234,269.2006234400026,269.2000004977979,269.2307692307692,ukraine_harness
103,15.810005162129599,269.2307692307692,26.79260685543593,8556.193874960314,0.9998434804418839,161.53846153846152,35.0,32.30769230769231,21.53846153846154,18.846153846153847,4.000648615264472,6.002941124451623,4.000648615264472,7.998885031951485,11.997009586258452,4.001558891354585,0.0,269.33569524324577,269.2006000583303,269.2000004467678,269.2307692307692,ukraine_harness
104,15.810005165186286,269.2307692307692,26.931897639311902,8704.69554994803,0.9998422843172203,161.53846153846152,35.0,32.30769230769231,21.53846153846154,18.846153846153847,4.000648288560722,6.002971355054953,4.000648288560722,7.998885030462001,11.997007440814281,4.001558884495353,0.0,269.33569461040474,269.20057755357095,269.20000040096886,269.2307692307692,ukraine_harness
105,15.810005170102706,269.2307692307692,27.07197181164809,8855.376927513473,0.999841084689352,161.53846153846152,35.0,32.30769230769231,21.53846153846154,18.846153846153847,4.000647961546003,6.003001653902194,4.000647961546003,7.9988850291252085,11.997005375833462,4.001558879661229,0.0,269.3356941487257,269.2005558928365,269.2000003598649,269.2307692307692,ukraine_harness
106,15.810005176479867,269.2307692307692,27.21283397319987,9008.250312178137,0.9998398815986493,161.53846153846152,35.0,32.30769230769231,21.53846153846154,18.846153846153847,4.000647634127922,6.0030320210432295,4.000647634127922,7.998885027925452,11.997003388298275,4.001558876438528,0.0,269.33569382335196,269.2005350444725,269.2000003229745,269.2307692307692,ukraine_harness
107,15.810005184005606,269.2307692307692,27.354488752344228,9163.328080984185,0.9998386750801206,161.53846153846152,35.0,32.30769230769231,21.53846153846154,18.846153846153847,4.000647306233828,6.003062456550489,4.000647306233828,7.998885026848685,11.997001475304176,4.0015588744972,0.0,269.3356936064394,269.2005149780114,269.20000028986584,269.2307692307692,ukraine_harness
108,15.810005192435693,269.2307692307692,27.496940805282964,9320.622683931526,0.9998374651643948,161.53846153846152,35.0,32.30769230769231,21.53846153846154,18.846153846153847,4.0006469778065235,6.003092960514117,4.0006469778065235,7.9988850258822985,11.996999634055555,4.001558873574228,0.0,269.3356934757731,269.2004956641287,269.2000002601512,269.2307692307692,ukraine_harness
109,15.810005201579054,269.2307692307692,27.640194816241593,9480.14664441811,0.9998362518784979,161.53846153846152,35.0,32.30769230769231,21.53846153846154,18.846153846153847,4.000646648800891,6.003123533038194,4.000646648800891,7.998885025014978,11.99699786186165,4.001558873460238,0.0,269.33569341364995,269.20047707459935,269.2000002334826,269.2307692307692,ukraine_harness
110,15.8100052112862,269.2307692307692,27.784255497665104,9641.912559683404,0.9998350352464682,161.53846153846152,35.0,32.30769230769231,21.53846153846154,18.846153846153847,4.0006463191812704,6.003154174237777,4.0006463191812704,7.998885024236568,11.996996156132612,4.001558873988721,0.0,269.3356934059775,269.2004591822571,269.20000020954797,269.2307692307692,ukraine_harness
111,15.810005221440182,269.2307692307692,27.929127590411422,9805.933101254926,0.9998338152898425,161.53846153846152,35.0,32.30769230769231,21.53846153846154,18.846153846153847,4.000645988919399,6.003184884236592,4.000645988919399,7.998885023537954,11.996994514375723,4.001558875027385,0.0,269.33569344154853,269.20044196095427,269.2000001880668,269.2307692307692,ukraine_harness
112,15.810005231949514,269.2307692307692,28.074815863943346,9972.221015397896,0.999832592028044,161.53846153846152,35.0,32.30769230769231,21.53846153846154,18.846153846153847,4.000645657992801,6.003215663165215,4.000645657992801,7.998885022910957,11.996992934191756,4.001558876471211,0.0,269.3356935114586,269.20042538552417,269.20000016878777,269.2307692307692,ukraine_harness
113,15.810005242742623,269.2307692307692,28.221325116519488,10140.789123567887,0.9998313654786902,161.53846153846152,35.0,32.30769230769231,21.53846153846154,18.846153846153847,4.000645326383527,6.0032465111596665,4.000645326383527,7.998885022348235,11.99699141327146,4.001558878236898,0.0,269.33569360863925,269.20040943174365,269.200000151485,269.2307692307692,ukraine_harness
114,15.810005253763526,269.2307692307692,28.368660175384697,10311.650322866544,0.9998301356578421,161.53846153846152,35.0,32.30769230769231,21.53846153846154,18.846153846153847,4.0006449940771684,6.003277428360295,4.0006449940771684,7.998885021843197,11.996989949392194,4.001558880258418,0.0,269.3356937274835,269.2003940762984,269.2000001359561,269.2307692307692,ukraine_harness
115,15.810005264968437,269.2307692307692,28.516825896960256,10484.817586500305,0.9998289025802009,161.53846153846152,35.0,32.30769230769231,21.53846153846154,18.846153846153847,4.000644661062087,6.003308414910917,4.000644661062087,7.998885021389932,11.996988540414675,4.0015588824834785,0.0,269.33569386354736,269.2003792967481,269.200000122019,269.2307692307692,ukraine_harness
116,15.810005276323105,269.2307692307692,28.66582716703423,10660.303964242137,0.9998276662592716,161.53846153846152,35.0,32.30769230769231,21.53846153846154,18.846153846153847,4.000644327328811,6.003339470958133,4.000644327328811,7.998885020983131,11.996987184279853,4.001558884870686,0.0,269.33569401331107,269.20036507149433,269.2000001095106,269.2307692307692,ukraine_harness
117,15.810005287800745,269.2307692307692,28.815668900952076,10838.12258289632,0.9998264267074917,161.53846153846152,35.0,32.30769230769231,21.53846153846154,18.846153846153847,4.000643992869561,6.003370596650805,4.000643992869561,7.998885020618033,11.996985879005898,4.001558887387297,0.0,269.3356941739885,269.2003513797485,269.2000000982845,269.2307692307692,ukraine_harness
118,15.810005299380416,269.2307692307692,28.966356043807764,11018.286646766222,0.9998251839363399,161.53846153846152,35.0,32.30769230769231,21.53846153846154,18.846153846153847,4.000643657677884,6.003401792139633,4.000643657677884,7.998885020290361,11.99698462268531,4.001558890007427,0.0,269.3356943433758,269.2003382015019,269.2000000882092,269.2307692307692,ukraine_harness
119,15.810005311045742,269.2307692307692,29.117893570635566,11200.809438125147,0.9998239379564243,161.53846153846152,35.0,32.30769230769231,21.53846153846154,18.846153846153847,4.0006433217483615,6.00343305757684,4.0006433217483615,7.99888501999628,11.99698341348213,4.001558892710625,0.0,269.3356945197307,269.20032551749597,269.2000000791667,269.2307692307692,ukraine_harness
120,15.810005322783924,269.2307692307692,29.27028648660256,11385.70431769019,0.9998226887775559,161.53846153846152,35.0,32.30769230769231,21.53846153846154,18.846153846153847,4.000642985076387,6.003464393115913,4.000642985076387,7.998885019732345,11.996982249629253,4.001558895480739,0.0,269.3356947016767,269.2003133091946,269.2000000710512,269.2307692307692,ukraine_harness
121,15.810005334584972,269.2307692307692,29.423539827201996,11572.984725099186,0.9998214364088113,161.53846153846152,35.0,32.30769230769231,21.53846153846154,18.846153846153847,4.000642647657982,6.003495798911405,4.000642647657982,7.998885019495467,11.996981129425848,4.001558898305023,0.0,269.3356948881266,269.2003015587569,269.2000000637676,269.2307692307692,ukraine_harness
122,15.810005346441065,269.2307692307692,29.577658658447547,11762.664179390706,0.9998201808585847,161.53846153846152,35.0,32.30769230769231,21.53846153846154,18.846153846153847,4.000642309489667,6.003527275118779,4.000642309489667,7.998885019282873,11.996980051234871,4.001558901173422,0.0,269.3356950782227,269.20029024901095,269.2000000572307,269.2307692307692,ukraine_harness
123,15.810005358346107,269.2307692307692,29.732648077068585,11954.756279487148,0.9998189221346334,161.53846153846152,35.0,32.30769230769231,21.53846153846154,18.846153846153847,4.000641970568345,6.003558821894295,4.000641970568345,7.9988850190920715,11.996979013480678,4.001558904078007,0.0,269.33569527128805,269.200279363429,269.2000000513639,269.2307692307692,ukraine_harness
124,15.810005370295345,269.2307692307692,29.888513210706485,12149.274704680933,0.9998176602441169,161.53846153846152,35.0,32.30769230769231,21.53846153846154,18.846153846153847,4.00064163089122,6.003590439394902,4.00064163089122,7.998885018920829,11.996978014646714,4.001558907012532,0.0,269.33569546678893,269.200268886103,269.2000000460985,269.2307692307692,ukraine_harness
125,15.810005382285066,269.2307692307692,30.04525921811195,12346.233215123808,0.9998163951936309,161.53846153846152,35.0,32.30769230769231,21.53846153846154,18.846153846153847,4.000641290455732,6.0036221277781765,4.000641290455732,7.99888501876714,11.996977053273305,4.001558909972074,0.0,269.33569566430504,269.20025880172165,269.2000000413729,269.2307692307692,ukraine_harness
126,15.810005394312379,269.2307692307692,30.202891289343516,12545.645652319297,0.999815126989238,161.53846153846152,35.0,32.30769230769231,21.53846153846154,18.846153846153847,4.000640949259504,6.00365388720226,4.000640949259504,7.998885018629207,11.99697612795552,4.00155891295276,0.0,269.33569586350495,269.2002490955478,269.20000003713164,269.2307692307692,ukraine_harness
127,15.81000540637504,269.2307692307692,30.36141464596711,12747.525939618305,0.999813855636495,161.53846153846152,35.0,32.30769230769231,21.53846153846154,18.846153846153847,4.000640607300298,6.003685717825813,4.000640607300298,7.998885018505413,11.996975237341118,4.001558915951541,0.0,269.33569606412806,269.2002397533971,269.20000003332524,269.2307692307692,ukraine_harness
128,15.8100054184713,269.2307692307692,30.520834541256857,12951.888082717876,0.9998125811404768,161.53846153846152,35.0,32.30769230769231,21.53846153846154,18.846153846153847,4.00064026457599,6.003717619807981,4.00064026457599,7.998885018394309,11.996974380128574,4.001558918966021,0.0,269.3356962659691,269.2002307616171,269.200000029909,269.2307692307692,ukraine_harness
129,15.810005430599812,269.2307692307692,30.68115626039705,13158.746170163167,0.999811303505798,161.53846153846152,35.0,32.30769230769231,21.53846153846154,18.846153846153847,4.000639921084541,6.0037495933083695,4.000639921084541,7.998885018294594,11.996973555065173,4.001558921994315,0.0,269.3356964688668,269.2002221070673,269.20000002684293,269.2307692307692,ukraine_harness
130,15.810005442759527,269.2307692307692,30.842385120685265,13368.114373852613,0.9998100227366356,161.53846153846152,35.0,32.30769230769231,21.53846153846154,18.846153846153847,4.000639576823976,6.00378163848702,4.000639576823976,7.998885018205102,11.996972760945187,4.001558925034946,0.0,269.33569667269427,269.2002137771003,269.2000000240912,269.2307692307692,ukraine_harness
131,15.810005454949643,269.2307692307692,31.0045264717368,13580.006949546327,0.9998087388367457,161.53846153846152,35.0,32.30769230769231,21.53846153846154,18.846153846153847,4.000639231792373,6.003813755504395,4.000639231792373,7.998885018124783,11.996971996608105,4.001558928086753,0.0,269.3356968773521,269.20020575954277,269.2000000216216,269.2307692307692,ukraine_harness
132,15.810005467169548,269.2307692307692,31.16758569569029,13794.438237377744,0.9998074518094813,161.53846153846152,35.0,32.30769230769231,21.53846153846154,18.846153846153847,4.000638885987848,6.003845944521366,4.000638885987848,7.9988850180526985,11.996971260936938,4.0015589311488275,0.0,269.33569708276224,269.200198042678,269.2000000194051,269.2307692307692,ukraine_harness
133,15.810005479418768,269.2307692307692,31.331568207414616,14011.422662368544,0.9998061616578103,161.53846153846152,35.0,32.30769230769231,21.53846153846154,18.846153846153847,4.000638539408546,6.003878205699203,4.000638539408546,7.9988850179880036,11.996970552856594,4.001558934220459,0.0,269.3356972888634,269.2001906152287,269.20000001741585,269.2307692307692,ukraine_harness
134,15.810005491696954,269.2307692307692,31.496479454717047,14230.974734946843,0.9998048683843288,161.53846153846152,35.0,32.30769230769231,21.53846153846154,18.846153846153847,4.000638192052635,6.003910539199565,4.000638192052635,7.998885017929941,11.996969871332297,4.00155893730109,0.0,269.33569749560786,269.2001834663406,269.2000000156305,269.2307692307692,ukraine_harness
135,15.81000550400384,269.2307692307692,31.662324918552727,14453.109051468718,0.9998035719912771,161.53846153846152,35.0,32.30769230769231,21.53846153846154,18.846153846153847,4.0006378439183,6.003942945184502,4.0006378439183,7.9988850178778295,11.996969215368082,4.001558940390288,0.0,269.335697702958,269.20017658556645,269.20000001402815,269.2307692307692,ukraine_harness
136,15.81000551633924,269.2307692307692,31.8291101132354,14677.840294743046,0.9998022724805523,161.53846153846152,35.0,32.30769230769231,21.53846153846154,18.846153846153847,4.000637495003737,6.003975423816439,4.000637495003737,7.99888501783106,11.996968584005337,4.001558943487714,0.0,269.33569791088473,269.20016996285085,269.2000000125901,269.2307692307692,ukraine_harness
137,15.81000552870301,269.2307692307692,31.996840586649515,14905.183234559681,0.9998009698537226,161.53846153846152,35.0,32.30769230769231,21.53846153846154,18.846153846153847,4.000637145307152,6.004007975258185,4.000637145307152,7.998885017789086,11.996967976321402,4.001558946593107,0.0,269.33569811936536,269.20016358851547,269.20000001129944,269.2307692307692,ukraine_harness
138,15.810005541095066,269.2307692307692,32.16552192046359,15135.152728221032,0.9997996641120382,161.53846153846152,35.0,32.30769230769231,21.53846153846154,18.846153846153847,4.000636794826756,6.004040599672921,4.000636794826756,7.998885017751414,11.99696739142822,4.001558949706266,0.0,269.3356983283822,269.2001574532449,269.20000001014114,269.2307692307692,ukraine_harness
139,15.810005553515339,269.2307692307692,32.33515973034496,15367.763721077006,0.9997983552564447,161.53846153846152,35.0,32.30769230769231,21.53846153846154,18.846153846153847,4.000636443560763,6.004073297224205,4.000636443560763,7.998885017717605,11.996966828471038,4.001558952827033,0.0,269.33569853792176,269.2001515480734,269.20000000910153,269.2307692307692,ukraine_harness
140,15.8100055659638,269.2307692307692,32.50575966617587,15603.031247063385,0.9997970432875924,161.53846153846152,35.0,32.30769230769231,21.53846153846154,18.846153846153847,4.000636091507392,6.004106068075969,4.000636091507392,7.998885017687261,11.996966286627163,4.001558955955292,0.0,269.3356987479734,269.20014586437105,269.2000000081685,269.2307692307692,ukraine_harness
141,15.81000557844044,269.2307692307692,32.67732741227089,15840.97042924362,0.9997957282058494,161.53846153846152,35.0,32.30769230769231,21.53846153846154,18.846153846153847,4.00063573866486,6.004138912392515,4.00063573866486,7.998885017660028,11.996965765104756,4.001558959090951,0.0,269.3356989585293,269.20014039383193,269.20000000733114,269.2307692307692,ukraine_harness
142,15.810005590945263,269.2307692307692,32.849868687595766,16081.596480354092,0.9997944100113098,161.53846153846152,35.0,32.30769230769231,21.53846153846154,18.846153846153847,4.000635385031384,6.004171830338519,4.000635385031384,7.998885017635587,11.996965263141675,4.001558962233944,0.0,269.3356991695832,269.20013512846145,269.2000000065796,269.2307692307692,ukraine_harness
143,15.810005603478281,269.2307692307692,33.02338924598759,16324.924703352852,0.9997930887038052,161.53846153846152,35.0,32.30769230769231,21.53846153846154,18.846153846153847,4.00063503060518,6.004204822079031,4.00063503060518,7.998885017613651,11.996964780004362,4.0015589653842225,0.0,269.33569938113084,269.20013006056496,269.2000000059051,269.2307692307692,ukraine_harness
144,15.810005616039525,269.2307692307692,33.19789487637643,16570.97049197185,0.9997917642829128,161.53846153846152,35.0,32.30769230769231,21.53846153846154,18.846153846153847,4.000634675384463,6.004237887779471,4.000634675384463,7.998885017593963,11.996964314986768,4.001558968541751,0.0,269.33569959316884,269.2001251827364,269.2000000052998,269.2307692307692,ukraine_harness
145,15.810005628629028,269.2307692307692,33.37339140300832,16819.749331272717,0.9997904367479657,161.53846153846152,35.0,32.30769230769231,21.53846153846154,18.846153846153847,4.000634319367446,6.0042710276056335,4.000634319367446,7.998885017576294,11.996963867409326,4.001558971706505,0.0,269.3356998056948,269.2001204878472,269.2000000047565,269.2307692307692,ukraine_harness
146,15.810005641246835,269.2307692307692,33.54988468566968,17071.276798206043,0.9997891060980603,161.53846153846152,35.0,32.30769230769231,21.53846153846154,18.846153846153847,4.00063396255234,6.004304241723686,4.00063396255234,7.998885017560436,11.996963436617957,4.001558974878467,0.0,269.33570001870703,269.20011596903646,269.2000000042689,269.2307692307692,ukraine_harness
147,15.81000565389299,269.2307692307692,33.727380619913205,17325.568562174285,0.9997877723320661,161.53846153846152,35.0,32.30769230769231,21.53846153846154,18.846153846153847,4.00063360493735,6.004337530300168,4.00063360493735,7.998885017546204,11.996963021983111,4.0015589780576315,0.0,269.3357002322045,269.2001116197006,269.20000000383124,269.2307692307692,ukraine_harness
148,15.810005666567545,269.2307692307692,33.90588513728508,17582.640385598203,0.9997864354486325,161.53846153846152,35.0,32.30769230769231,21.53846153846154,18.846153846153847,4.00063324652068,6.004370893501996,4.00063324652068,7.998885017533431,11.996962622898849,4.001558981243993,0.0,269.3357004461867,269.20010743348337,269.2000000034385,269.2307692307692,ukraine_harness
149,15.810005679270548,269.2307692307692,34.08540420555386,17842.50812448696,0.9997850954461975,161.53846153846152,35.0,32.30769230769231,21.53846153846154,18.846153846153847,4.000632887300531,6.00440433149646,4.000632887300531,7.998885017521968,11.996962238781958,4.001558984437554,0.0,269.33570066065334,269.2001034042672,269.200000003086,269.2307692307692,ukraine_harness
150,15.81000569200206,269.2307692307692,34.265943828940536,18105.18772901184,0.9997837523229942,161.53846153846152,35.0,32.30769230769231,21.53846153846154,18.846153846153847,4.0006325272751,6.004437844451225,4.0006325272751,7.998885017511679,11.996961869071097,4.001558987638317,0.0,269.3357008756046,269.200099526164,269.2000000027697,269.2307692307692,ukraine_harness
151,15.810005704762135,269.2307692307692,34.44751004835035,18370.69524408361,0.9997824060770589,161.53846153846152,35.0,32.30769230769231,21.53846153846154,18.846153846153847,4.000632166442581,6.004471432534333,4.000632166442581,7.998885017502445,11.996961513225976,4.00155899084629,0.0,269.33570109104056,269.20009579350625,269.20000000248575,269.2307692307692,ukraine_harness
152,15.810005717550837,269.2307692307692,34.6301089416059,18639.046809933607,0.9997810567062371,161.53846153846152,35.0,32.30769230769231,21.53846153846154,18.846153846153847,4.000631804801162,6.004505095914205,4.000631804801162,7.998885017494158,11.996961170726573,4.001558994061481,0.0,269.3357013069618,269.2000922008392,269.2000000022309,269.2307692307692,ukraine_harness
153,15.81000573036822,269.2307692307692,34.81374662368182,18910.258662698485,0.9997797042081905,161.53846153846152,35.0,32.30769230769231,21.53846153846154,18.846153846153847,4.000631442349029,6.004538834759636,4.000631442349029,7.998885017486719,11.996960841072365,4.001558997283901,0.0,269.3357015233689,269.20008874291256,269.20000000200224,269.2307692307692,ukraine_harness
154,15.810005743214347,269.2307692307692,34.99842924694103,19184.34713500874,0.9997783485804033,161.53846153846152,35.0,32.30769230769231,21.53846153846154,18.846153846153847,4.000631079084364,6.004572649239803,4.000631079084364,7.998885017480044,11.996960523781604,4.001559000513562,0.0,269.33570174026255,269.20008541467297,269.200000001797,269.2307692307692,ukraine_harness
155,15.81000575608928,269.2307692307692,35.18416300137233,19461.32865658095,0.9997769898201883,161.53846153846152,35.0,32.30769230769231,21.53846153846154,18.846153846153847,4.000630715005346,6.004606539524261,4.000630715005346,7.998885017474053,11.996960218390607,4.001559003750475,0.0,269.3357019576436,269.2000822112566,269.20000000161275,269.2307692307692,ukraine_harness
156,15.810005768993085,269.2307692307692,35.37095411482976,19741.219754813836,0.9997756279246928,161.53846153846152,35.0,32.30769230769231,21.53846153846154,18.846153846153847,4.000630350110147,6.004640505782944,4.000630350110147,7.998885017468675,11.99695992445308,4.001559006994655,0.0,269.3357021755127,269.20007912798206,269.2000000014474,269.2307692307692,ukraine_harness
157,15.810005781925822,269.2307692307692,35.55880885327328,20024.037055388093,0.9997742628909042,161.53846153846152,35.0,32.30769230769231,21.53846153846154,18.846153846153847,4.000629984396939,6.004674548186169,4.000629984396939,7.9988850174638495,11.99695964153947,4.001559010246116,0.0,269.335702393871,269.2000761603436,269.20000000129903,269.2307692307692,ukraine_harness
158,15.810005794887555,269.2307692307692,35.7477335210112,20309.797282870066,0.9997728947156553,161.53846153846152,35.0,32.30769230769231,21.53846153846154,18.846153846153847,4.000629617863887,6.004708666904635,4.000629617863887,7.998885017459518,11.996959369236334,4.001559013504871,0.0,269.3357026127194,269.20007330400426,269.20000000116585,269.2307692307692,ukraine_harness
159,15.81000580787835,269.2307692307692,35.937734460944014,20598.517261319277,0.9997715233956298,161.53846153846152,35.0,32.30769230769231,21.53846153846154,18.846153846153847,4.000629250509153,6.004742862109421,4.000629250509153,7.998885017455631,11.996959107145733,4.001559016770938,0.0,269.33570283205864,269.20007055478993,269.2000000010463,269.2307692307692,ukraine_harness
160,15.810005820898269,269.2307692307692,36.12881805480995,20890.213914899847,0.9997701489273669,161.53846153846152,35.0,32.30769230769231,21.53846153846154,18.846153846153847,4.000628882330894,6.004777133971994,4.000628882330894,7.998885017452142,11.996958854884651,4.001559020044329,0.0,269.33570305189005,269.2000679086829,269.20000000093904,269.2307692307692,ukraine_harness
161,15.810005833947377,269.2307692307692,36.320990723432004,21184.904268495797,0.9997687713072672,161.53846153846152,35.0,32.30769230769231,21.53846153846154,18.846153846153847,4.000628513327265,6.004811482664202,4.000628513327265,7.998885017449012,11.996958612084443,4.001559023325062,0.0,269.33570327221446,269.2000653618162,269.2000000008428,269.2307692307692,ukraine_harness
162,15.810005847025739,269.2307692307692,36.51425892696664,21482.60544833029,0.9997673905315948,161.53846153846152,35.0,32.30769230769231,21.53846153846154,18.846153846153847,4.0006281434964155,6.00484590835828,4.0006281434964155,7.998885017446202,11.996958378390282,4.001559026613152,0.0,269.335703493033,269.2000629104679,269.20000000075635,269.2307692307692,ukraine_harness
163,15.810005860133424,269.2307692307692,36.7086291651541,21783.334682588855,0.9997660065964851,161.53846153846152,35.0,32.30769230769231,21.53846153846154,18.846153846153847,4.00062777283649,6.004880411226846,4.00062777283649,7.998885017443681,11.996958153460655,4.001559029908615,0.0,269.3357037143468,269.20006055105574,269.2000000006788,269.2307692307692,ukraine_harness
164,15.81000587327049,269.2307692307692,36.904107977570305,22087.109302046527,0.9997646194979471,161.53846153846152,35.0,32.30769230769231,21.53846153846154,18.846153846153847,4.00062740134563,6.00491499144291,4.00062740134563,7.998885017441417,11.996957936966853,4.001559033211467,0.0,269.33570393615673,269.2000582801316,269.20000000060924,269.2307692307692,ukraine_harness
165,15.81000588643701,269.2307692307692,37.100701943880445,22393.94674069908,0.9997632292318679,161.53846153846152,35.0,32.30769230769231,21.53846153846154,18.846153846153847,4.000627029021974,6.004949649179867,4.000627029021974,7.9988850174393855,11.996957728592495,4.001559036521724,0.0,269.3357041584641,269.2000560943769,269.20000000054677,269.2307692307692,ukraine_harness
166,15.810005899633046,269.2307692307692,37.298417684094176,22703.864536398225,0.9997618357940161,161.53846153846152,35.0,32.30769230769231,21.53846153846154,18.846153846153847,4.000626655863654,6.004984384611499,4.000626655863654,7.998885017437562,11.99695752803307,4.001559039839402,0.0,269.33570438126986,269.2000539905973,269.2000000004907,269.2307692307692,ukraine_harness
167,15.810005912858665,269.2307692307692,37.49726185882249,23016.88033149089,0.9997604391800476,161.53846153846152,35.0,32.30769230769231,21.53846153846154,18.846153846153847,4.000626281868798,6.005019197911982,4.000626281868798,7.998885017435926,11.996957334995482,4.001559043164519,0.0,269.33570460457514,269.2000519657185,269.2000000004404,269.2307692307692,ukraine_harness
168,15.810005926113933,269.2307692307692,37.697241169536305,23333.011873462612,0.9997590393855066,161.53846153846152,35.0,32.30769230769231,21.53846153846154,18.846153846153847,4.000625907035532,6.005054089255878,4.000625907035532,7.998885017434458,11.996957149197632,4.001559046497092,0.0,269.3357048283811,269.2000500167813,269.2000000003953,269.2307692307692,ukraine_harness
169,15.810005939398916,269.2307692307692,37.898362358826674,23652.277015585005,0.9997576364058312,161.53846153846152,35.0,32.30769230769231,21.53846153846154,18.846153846153847,4.000625531361976,6.005089058818143,4.000625531361976,7.998885017433139,11.996956970367997,4.001559049837135,0.0,269.33570505268887,269.20004814093767,269.20000000035475,269.2307692307692,ukraine_harness
170,15.81000595271368,269.2307692307692,38.100632210666745,23974.693717567385,0.9997562302363557,161.53846153846152,35.0,32.30769230769231,21.53846153846154,18.846153846153847,4.000625154846247,6.005124106774125,4.000625154846247,7.998885017431956,11.99695679824524,4.001559053184666,0.0,269.33570527749947,269.2000463354461,269.20000000031837,269.2307692307692,ukraine_harness
171,15.810005966058297,269.2307692307692,38.3040575506754,24300.280046212567,0.9997548208723146,161.53846153846152,35.0,32.30769230769231,21.53846153846154,18.846153846153847,4.000624777486456,6.0051592332995645,4.000624777486456,7.9988850174308945,11.996956632577824,4.001559056539701,0.0,269.33570550281405,269.2000445976683,269.20000000028574,269.2307692307692,ukraine_harness
172,15.810005979432825,269.2307692307692,38.508645246382656,24629.054176076857,0.9997534083088455,161.53846153846152,35.0,32.30769230769231,21.53846153846154,18.846153846153847,4.000624399280711,6.005194438570596,4.000624399280711,7.9988850174299415,11.996956473123646,4.001559059902258,0.0,269.33570572863374,269.20004292506457,269.2000000002564,269.2307692307692,ukraine_harness
173,15.810005992837338,269.2307692307692,38.714402207496754,24961.034390134253,0.9997519925409915,161.53846153846152,35.0,32.30769230769231,21.53846153846154,18.846153846153847,4.000624020227116,6.005229722763749,4.000624020227116,7.998885017429087,11.996956319649684,4.001559063272353,0.0,269.3357059549596,269.2000413151907,269.2000000002301,269.2307692307692,ukraine_harness
174,15.810006006271902,269.2307692307692,38.921335386173034,25296.239080444913,0.9997505735637049,161.53846153846152,35.0,32.30769230769231,21.53846153846154,18.846153846153847,4.00062364032377,6.0052650860559496,4.00062364032377,7.99888501742832,11.996956171931652,4.001559066650003,0.0,269.335706181793,269.20003976569393,269.20000000020656,269.2307692307692,ukraine_harness
175,15.810006019736582,269.2307692307692,39.1294517772846,25634.686748827888,0.9997491513718502,161.53846153846152,35.0,32.30769230769231,21.53846153846154,18.846153846153847,4.000623259568768,6.0053005286245185,4.000623259568768,7.998885017427631,11.99695602975368,4.001559070035225,0.0,269.33570640913484,269.20003827431,269.20000000018536,269.2307692307692,ukraine_harness
176,15.81000603323145,269.2307692307692,39.33875841869467,25976.396007538176,0.9997477259602059,161.53846153846152,35.0,32.30769230769231,21.53846153846154,18.846153846153847,4.000622877960201,6.005336050647175,4.000622877960201,7.998885017427014,11.996955892907991,4.001559073428037,0.0,269.3357066369863,269.20003683885926,269.20000000016637,269.2307692307692,ukraine_harness
177,15.810006046756566,269.2307692307692,39.54926239153078,26321.3855799481,0.9997462973234681,161.53846153846152,35.0,32.30769230769231,21.53846153846154,18.846153846153847,4.000622495496155,6.005371652302038,4.000622495496155,7.99888501742646,11.996955761194602,4.001559076828455,0.0,269.33570686534864,269.20003545724416,269.2000000001493,269.2307692307692,ukraine_harness
178,15.810006060312002,269.2307692307692,39.76097082046083,26669.67430123304,0.9997448654562515,161.53846153846152,35.0,32.30769230769231,21.53846153846154,18.846153846153847,4.000622112174713,6.005407333767624,4.000622112174713,7.9988850174259625,11.996955634421031,4.001559080236495,0.0,269.3357070942229,269.2000341274455,269.200000000134,269.2307692307692,ukraine_harness
179,15.810006073897828,269.2307692307692,39.97389087397081,27021.281119061605,0.9997434303530942,161.53846153846152,35.0,32.30769230769231,21.53846153846154,18.846153846153847,4.000621727993952,6.00544309522285,4.000621727993952,7.998885017425516,11.996955512402012,4.001559083652175,0.0,269.3357073236102,269.20003284752005,269.2000000001203,269.2307692307692,ukraine_harness
180,15.81000608751411,269.2307692307692,40.188029764644504,27376.225094290145,0.9997419920084576,161.53846153846152,35.0,32.30769230769231,21.53846153846154,18.846153846153847,4.000621342951947,6.005478936847035,4.000621342951947,7.998885017425113,11.99695539495923,4.001559087075513,0.0,269.3357075535118,269.20003161559725,269.200000000108,269.2307692307692,ukraine_harness
181,15.810006101160917,269.2307692307692,40.40339474944491,27734.5254016618,0.9997405504167296,161.53846153846152,35.0,32.30769230769231,21.53846153846154,18.846153846153847,4.000620957046765,6.0055148588198985,4.000620957046765,7.998885017424754,11.996955281921053,4.001559090506525,0.0,269.3357077839288,269.20003042987685,269.20000000009685,269.2307692307692,ukraine_harness
182,15.810006114838314,269.2307692307692,40.619993129997624,28096.201330509957,0.9997391055722272,161.53846153846152,35.0,32.30769230769231,21.53846153846154,18.846153846153847,4.000620570276473,6.005550861321565,4.000620570276473,7.998885017424431,11.996955173122295,4.001559093945228,0.0,269.3357080148623,269.200029288626,269.20000000008696,269.2307692307692,ukraine_harness
183,15.810006128546375,269.2307692307692,40.837832252875984,28461.27228546628,0.9997376574691981,161.53846153846152,35.0,32.30769230769231,21.53846153846154,18.846153846153847,4.000620182639131,6.00558694453256,4.000620182639131,7.998885017424141,11.996955068403956,4.00155909739164,0.0,269.3357082463134,269.200028190177,269.2000000000781,269.2307692307692,ukraine_harness
184,15.810006142285168,269.2307692307692,41.05691950988817,28829.757787173225,0.9997362061018226,161.53846153846152,35.0,32.30769230769231,21.53846153846154,18.846153846153847,4.0006197941327954,6.0056231086338165,4.0006197941327954,7.99888501742388,11.996954967613004,4.001559100845778,0.0,269.33570847828344,269.20002713292456,269.20000000007,269.2307692307692,ukraine_harness
185,15.81000615605476,269.2307692307692,41.27726233836616,29201.677473001157,0.9997347514642152,161.53846153846152,35.0,32.30769230769231,21.53846153846154,18.846153846153847,4.000619404755518,6.005659353806672,4.000619404755518,7.998885017423647,11.996954870602144,4.001559104307661,0.0,269.33570871077353,269.2000261153236,269.2000000000628,269.2307692307692,ukraine_harness
186,15.810006169855221,269.2307692307692,41.49886822145663,29577.051097770058,0.9997332935504277,161.53846153846152,35.0,32.30769230769231,21.53846153846154,18.846153846153847,4.000619014505347,6.0056956802328685,4.000619014505347,7.9988850174234365,11.996954777229606,4.001559107777303,0.0,269.3357089437848,269.2000251358871,269.2000000000564,269.2307692307692,ukraine_harness
187,15.810006183686617,269.2307692307692,41.72174468841371,29955.89853447586,0.9997318323544498,161.53846153846152,35.0,32.30769230769231,21.53846153846154,18.846153846153847,4.000618623380324,6.005732088094559,4.000618623380324,7.998885017423248,11.996954687358938,4.001559111254724,0.0,269.33570917731845,269.20002419318354,269.2000000000506,269.2307692307692,ukraine_harness
188,15.810006197549022,269.2307692307692,41.94589931489374,30338.23977502144,0.9997303678702106,161.53846153846152,35.0,32.30769230769231,21.53846153846154,18.846153846153847,4.000618231378488,6.005768577574303,4.000618231378488,7.9988850174230794,11.996954600858807,4.00155911473994,0.0,269.33570941137566,269.20002328583547,269.2000000000454,269.2307692307692,ukraine_harness
189,15.810006211442502,269.2307692307692,42.17133972325194,30724.094930952335,0.9997289000915811,161.53846153846152,35.0,32.30769230769231,21.53846153846154,18.846153846153847,4.000617838497875,6.005805148855069,4.000617838497875,7.9988850174229285,11.9969545176028,4.0015591182329695,0.0,269.3357096459575,269.20002241251683,269.20000000004075,269.2307692307692,ukraine_harness
190,15.810006225367125,269.2307692307692,42.398073582841036,31113.484234197127,0.9997274290123757,161.53846153846152,35.0,32.30769230769231,21.53846153846154,18.846153846153847,4.0006174447365135,6.005841802120237,4.0006174447365135,7.998885017422793,11.99695443746925,4.0015591217338295,0.0,269.33570988106527,269.20002157195137,269.2000000000366,269.2307692307692,ukraine_harness
191,15.810006239322968,269.2307692307692,42.626108610311924,31506.42803781262,0.9997259546263526,161.53846153846152,35.0,32.30769230769231,21.53846153846154,18.846153846153847,4.00061705009243,6.0058785375535955,4.00061705009243,7.998885017422671,11.996954360341054,4.0015591252425375,0.0,269.33571011670006,269.2000207629107,269.20000000003284,269.2307692307692,ukraine_harness
192,15.810006253310096,269.2307692307692,42.8554525699162,31902.946816733805,0.9997244769272172,161.53846153846152,35.0,32.30769230769231,21.53846153846154,18.846153846153847,4.000616654563645,6.005915355339348,4.000616654563645,7.998885017422561,11.996954286105494,4.001559128759111,0.0,269.3357103528631,269.2000199842126,269.2000000000295,269.2307692307692,ukraine_harness
193,15.81000626732858,269.2307692307692,43.08611327381084,32303.06116852862,0.9997229959086213,161.53846153846152,35.0,32.30769230769231,21.53846153846154,18.846153846153847,4.000616258148175,6.005952255662109,4.000616258148175,7.998885017422463,11.996954214654085,4.0015591322835675,0.0,269.33571058955556,269.2000192347189,269.2000000000264,269.2307692307692,ukraine_harness
194,15.810006281378488,269.2307692307692,43.31809858236477,32706.791814157576,0.9997215115641659,161.53846153846152,35.0,32.30769230769231,21.53846153846154,18.846153846153847,4.000615860844032,6.005989238706908,4.000615860844032,7.998885017422374,11.996954145882412,4.001559135815926,0.0,269.33571082677855,269.2000185133345,269.20000000002375,269.2307692307692,ukraine_harness
195,15.81000629545989,269.2307692307692,43.55141640446754,33114.15959873826,0.9997200238874023,161.53846153846152,35.0,32.30769230769231,21.53846153846154,18.846153846153847,4.000615462649225,6.006026304659189,4.000615462649225,7.998885017422295,11.99695407968997,4.001559139356202,0.0,269.3357110645335,269.20001781900515,269.20000000002125,269.2307692307692,ukraine_harness
196,15.810006309572863,269.2307692307692,43.786074697840085,33525.18549231477,0.9997185328718329,161.53846153846152,35.0,32.30769230769231,21.53846153846154,18.846153846153847,4.000615063561758,6.006063453704811,4.000615063561758,7.998885017422225,11.99695401598003,4.001559142904417,0.0,269.3357113028213,269.20001715071606,269.2000000000191,269.2307692307692,ukraine_harness
197,15.810006323717477,269.2307692307692,44.02208146934741,33939.89059063204,0.9997170385109122,161.53846153846152,35.0,32.30769230769231,21.53846153846154,18.846153846153847,4.000614663579628,6.00610068603005,4.000614663579628,7.998885017422161,11.996953954659485,4.0015591464605835,0.0,269.33571154164343,269.2000165074907,269.20000000001716,269.2307692307692,ukraine_harness
198,15.810006337893798,269.2307692307692,44.2594447753135,34358.29611591524,0.9997155407980488,161.53846153846152,35.0,32.30769230769231,21.53846153846154,18.846153846153847,4.0006142627008305,6.0061380018216,4.0006142627008305,7.998885017422104,11.996953895638724,4.001559150024724,0.0,269.3357117810008,269.2000158883891,269.2000000000154,269.2307692307692,ukraine_harness
199,15.810006352101897,269.2307692307692,44.49817272183819,34780.423417654085,0.9997140397266064,161.53846153846152,35.0,32.30769230769231,21.53846153846154,18.846153846153847,4.000613860923354,6.006175401266573,4.000613860923354,7.998885017422053,11.996953838831494,4.001559153596853,0.0,269.33571202089485,269.20001529250635,269.2000000000138,269.2307692307692,ukraine_harness
200,15.81000636634185,269.2307692307692,44.73827346511627,35206.2939733923,0.9997125352899038,161.53846153846152,35.0,32.30769230769231,21.53846153846154,18.846153846153847,4.000613458245185,6.0062128845525,4.000613458245185,7.9988850174220065,11.99695378415478,4.00155915717699,0.0,269.33571226132665,269.20001471897183,269.20000000001244,269.2307692307692,ukraine_harness
201,15.810006380613723,269.2307692307692,44.97975521175863,35635.92938952203,0.9997110274812172,161.53846153846152,35.0,32.30769230769231,21.53846153846154,18.846153846153847,4.000613054664305,6.006250451867335,4.000613054664305,7.998885017421966,11.996953731528675,4.001559160765154,0.0,269.3357125022974,269.2000141669473,269.20000000001113,269.2307692307692,ukraine_harness
202,15.810006394917592,269.2307692307692,45.222626219115526,36069.35140208353,0.9997095162937797,161.53846153846152,35.0,32.30769230769231,21.53846153846154,18.846153846153847,4.000612650178688,6.00628810339945,4.000612650178688,7.998885017421928,11.996953680876276,4.001559164361361,0.0,269.3357127438085,269.2000136356261,269.20000000001,269.2307692307692,ukraine_harness
203,15.810006409253525,269.2307692307692,45.46689479560204,36506.58187756985,0.9997080017207844,161.53846153846152,35.0,32.30769230769231,21.53846153846154,18.846153846153847,4.000612244786308,6.006325839337642,4.000612244786308,7.998885017421895,11.996953632123558,4.001559167965631,0.0,269.3357129858608,269.20001312423165,269.20000000000897,269.2307692307692,ukraine_harness
204,15.810006423621596,269.2307692307692,45.712569301025724,36947.6428137368,0.9997064837553833,161.53846153846152,35.0,32.30769230769231,21.53846153846154,18.846153846153847,4.000611838485131,6.0063636598711305,4.000611838485131,7.998885017421864,11.996953585199277,4.001559171577979,0.0,269.3357132284559,269.2000126320167,269.20000000000806,269.2307692307692,ukraine_harness
205,15.810006438021878,269.2307692307692,45.959658146916354,37392.556340418094,0.9997049623906887,161.53846153846152,35.0,32.30769230769231,21.53846153846154,18.846153846153847,4.000611431273121,6.006401565189557,4.000611431273121,7.998885017421838,11.996953540034857,4.001559175198426,0.0,269.3357134715947,269.2000121582619,269.2000000000072,269.2307692307692,ukraine_harness
206,15.810006452454443,269.2307692307692,46.208169796857945,37841.34472034575,0.9997034376197746,161.53846153846152,35.0,32.30769230769231,21.53846153846154,18.846153846153847,4.0006110231482355,6.00643955548299,4.0006110231482355,7.998885017421814,11.996953496564297,4.001559178826989,0.0,269.33571371527864,269.200011702275,269.20000000000647,269.2307692307692,ukraine_harness
207,15.810006466919361,269.2307692307692,46.45811276682296,38294.0303499758,0.9997019094356773,161.53846153846152,35.0,32.30769230769231,21.53846153846154,18.846153846153847,4.000610614108428,6.006477630941924,4.000610614108428,7.998885017421792,11.996953454724068,4.001559182463687,0.0,269.3357139595089,269.2000112633895,269.20000000000584,269.2307692307692,ukraine_harness
208,15.810006481416709,269.2307692307692,46.709495625508694,38750.635760319296,0.9997003778313959,161.53846153846152,35.0,32.30769230769231,21.53846153846154,18.846153846153847,4.000610204151647,6.006515791757281,4.000610204151647,7.998885017421772,11.996953414453028,4.001559186108538,0.0,269.3357142042866,269.2000108409642,269.2000000000052,269.2307692307692,ukraine_harness
209,15.810006495946553,269.2307692307692,46.96232699467603,39211.18361777867,0.9996988427998924,161.53846153846152,35.0,32.30769230769231,21.53846153846154,18.846153846153847,4.000609793275837,6.006554038120411,4.000609793275837,7.998885017421754,11.996953375692323,4.001559189761559,0.0,269.33571444961314,269.20001043438157,269.20000000000465,269.2307692307692,ukraine_harness
210,15.810006510508973,269.2307692307692,47.21661554949031,39675.69672498952,0.9996973043340945,161.53846153846152,35.0,32.30769230769231,21.53846153846154,18.846153846153847,4.000609381478938,6.006592370223092,4.000609381478938,7.998885017421738,11.996953338385312,4.00155919342277,0.0,269.3357146954895,269.2000100430475,269.2000000000042,269.2307692307692,ukraine_harness
211,15.810006525104038,269.2307692307692,47.472370018864524,40144.19802166783,0.9996957624268944,161.53846153846152,35.0,32.30769230769231,21.53846153846154,18.846153846153847,4.000608968758885,6.006630788257531,4.000608968758885,7.998885017421724,11.996953302477474,4.001559197092188,0.0,269.33571494191716,269.2000096663902,269.20000000000374,269.2307692307692,ukraine_harness
212,15.810006539731821,269.2307692307692,47.729599185804915,40616.710585462584,0.9996942170711491,161.53846153846152,35.0,32.30769230769231,21.53846153846154,18.846153846153847,4.000608555113609,6.006669292416368,4.000608555113609,7.998885017421712,11.996953267916332,4.001559200769831,0.0,269.33571518889727,269.20000930385913,269.20000000000334,269.2307692307692,ukraine_harness
213,15.810006554392398,269.2307692307692,47.98831188775868,41093.25763281399,0.9996926682596834,161.53846153846152,35.0,32.30769230769231,21.53846153846154,18.846153846153847,4.0006081405410345,6.006707882892675,4.0006081405410345,7.998885017421701,11.996953234651382,4.00155920445572,0.0,269.335715436431,269.20000895492456,269.200000000003,269.2307692307692,ukraine_harness
214,15.810006569085836,269.2307692307692,48.24851701696414,41573.86251981717,0.9996911159852879,161.53846153846152,35.0,32.30769230769231,21.53846153846154,18.846153846153847,4.000607725039084,6.006746559879955,4.000607725039084,7.99888501742169,11.99695320263401,4.001559208149872,0.0,269.33571568451964,269.20000861907647,269.2000000000027,269.2307692307692,ukraine_harness
215,15.810006583812216,269.2307692307692,48.51022352080328,42058.54874309145,0.9996895602407212,161.53846153846152,35.0,32.30769230769231,21.53846153846154,18.846153846153847,4.000607308605674,6.006785323572147,4.000607308605674,7.9988850174216815,11.996953171817427,4.001559211852304,0.0,269.33571593316447,269.20000829582415,269.20000000000243,269.2307692307692,ukraine_harness
216,15.810006598571608,269.2307692307692,48.77344040215644,42547.33994065525,0.9996880010187099,161.53846153846152,35.0,32.30769230769231,21.53846153846154,18.846153846153847,4.000606891238716,6.006824174163621,4.000606891238716,7.9988850174216735,11.996953142156599,4.001559215563037,0.0,269.33571618236664,269.2000079846952,269.20000000000215,269.2307692307692,ukraine_harness
217,15.81000661336409,269.2307692307692,49.03817671975966,43040.2598928067,0.9996864383119495,161.53846153846152,35.0,32.30769230769231,21.53846153846154,18.846153846153847,4.000606472936117,6.006863111849188,4.000606472936117,7.998885017421667,11.996953113608178,4.00155921928209,0.0,269.33571643212747,269.2000076852349,269.2000000000019,269.2307692307692,ukraine_harness
218,15.810006628189731,269.2307692307692,49.30444158856419,43537.33252300982,0.9996848721131038,161.53846153846152,35.0,32.30769230769231,21.53846153846154,18.846153846153847,4.00060605369578,6.006902136824091,4.00060605369578,7.99888501742166,11.996953086130446,4.001559223009479,0.0,269.3357166824483,269.2000073970056,269.2000000000018,269.2307692307692,ukraine_harness
219,15.810006643048608,269.2307692307692,49.57224418009851,44038.58189878655,0.9996833024148071,161.53846153846152,35.0,32.30769230769231,21.53846153846154,18.846153846153847,4.000605633515602,6.006941249284013,4.000605633515602,7.998885017421654,11.996953059683246,4.001559226745223,0.0,269.3357169333303,269.20000711958625,269.2000000000016,269.2307692307692,ukraine_harness
220,15.810006657940793,269.2307692307692,49.84159372283277,44544.032232614474,0.9996817292096631,161.53846153846152,35.0,32.30769230769231,21.53846153846154,18.846153846153847,4.000605212393477,6.006980449425076,4.000605212393477,7.998885017421648,11.99695303422793,4.001559230489343,0.0,269.33571718477464,269.2000068525712,269.2000000000014,269.2307692307692,ukraine_harness
221,15.810006672866367,269.2307692307692,50.11249950254567,45053.70788283038,0.9996801524902464,161.53846153846152,35.0,32.30769230769231,21.53846153846154,18.846153846153847,4.000604790327293,6.007019737443841,4.000604790327293,7.998885017421643,11.996953009727298,4.001559234241855,0.0,269.33571743678266,269.2000065955704,269.20000000000124,269.2307692307692,ukraine_harness
222,15.810006687825398,269.2307692307692,50.38497086269373,45567.63335453966,0.9996785722491028,161.53846153846152,35.0,32.30769230769231,21.53846153846154,18.846153846153847,4.000604367314934,6.007059113537308,4.000604367314934,7.998885017421638,11.996952986145542,4.00155923800278,0.0,269.3357176893556,269.2000063482083,269.2000000000011,269.2307692307692,ukraine_harness
223,15.810006702817965,269.2307692307692,50.659017204783176,46085.83330053162,0.9996769884787491,161.53846153846152,35.0,32.30769230769231,21.53846153846154,18.846153846153847,4.000603943354278,6.007098577902922,4.000603943354278,7.998885017421635,11.996952963448205,4.001559241772135,0.0,269.3357179424948,269.2000061101233,269.20000000000095,269.2307692307692,ukraine_harness
224,15.81000671784414,269.2307692307692,50.93464798874415,46608.33252220064,0.9996754011716735,161.53846153846152,35.0,32.30769230769231,21.53846153846154,18.846153846153847,4.0006035184432,6.007138130738568,4.0006035184432,7.998885017421632,11.996952941602114,4.001559245549942,0.0,269.3357181962014,269.20000588096747,269.2000000000009,269.2307692307692,ukraine_harness
225,15.810006732904002,269.2307692307692,51.21187273330759,47135.15597047338,0.9996738103203374,161.53846153846152,35.0,32.30769230769231,21.53846153846154,18.846153846153847,4.00060309257957,6.007177772242576,4.00060309257957,7.998885017421629,11.996952920575346,4.001559249336217,0.0,269.3357184504768,269.20000566040596,269.2000000000008,269.2307692307692,ukraine_harness
226,15.810006747997624,269.2307692307692,51.49070101638449,47666.328746741965,0.9996722159171736,161.53846153846152,35.0,32.30769230769231,21.53846153846154,18.846153846153847,4.00060266576125,6.007217502613719,4.00060266576125,7.9988850174216255,11.996952900337172,4.00155925313098,0.0,269.3357187053223,269.2000054481165,269.2000000000007,269.2307692307692,ukraine_harness
227,15.810006763125083,269.2307692307692,51.7711424754479,48201.876103803224,0.9996706179545891,161.53846153846152,35.0,32.30769230769231,21.53846153846154,18.846153846153847,4.000602237986103,6.007257322051219,4.000602237986103,7.998885017421623,11.996952880858016,4.00155925693425,0.0,269.33571896073903,269.2000052437888,269.2000000000006,269.2307692307692,ukraine_harness
228,15.810006778286454,269.2307692307692,52.05320680791727,48741.82344680394,0.9996690164249628,161.53846153846152,35.0,32.30769230769231,21.53846153846154,18.846153846153847,4.0006018092519815,6.007297230754739,4.0006018092519815,7.998885017421621,11.996952862109412,4.001559260746046,0.0,269.33571921672836,269.2000050471242,269.20000000000056,269.2307692307692,ukraine_harness
229,15.810006793481813,269.2307692307692,52.33690377154551,49286.19633419235,0.9996674113206477,161.53846153846152,35.0,32.30769230769231,21.53846153846154,18.846153846153847,4.000601379556738,6.007337228924396,4.000601379556738,7.998885017421619,11.99695284406396,4.001559264566388,0.0,269.3357194732916,269.20000485783544,269.2000000000005,269.2307692307692,ukraine_harness
230,15.810006808711238,269.2307692307692,52.62224318480864,49835.02047867573,0.999665802633971,161.53846153846152,35.0,32.30769230769231,21.53846153846154,18.846153846153847,4.0006009488982155,6.00737731676075,4.0006009488982155,7.9988850174216175,11.996952826695292,4.001559268395294,0.0,269.33571973042996,269.20000467564574,269.20000000000044,269.2307692307692,ukraine_harness
231,15.810006823974806,269.2307692307692,52.90923492729802,50388.32174818424,0.9996641903572338,161.53846153846152,35.0,32.30769230769231,21.53846153846154,18.846153846153847,4.000600517274256,6.007417494464814,4.000600517274256,7.998885017421616,11.996952809978023,4.001559272232782,0.0,269.3357199881448,269.200004500289,269.2000000000004,269.2307692307692,ukraine_harness
232,15.810006839272587,269.2307692307692,53.1978889401153,50946.12616684091,0.9996625744827112,161.53846153846152,35.0,32.30769230769231,21.53846153846154,18.846153846153847,4.000600084682694,6.007457762238051,4.000600084682694,7.998885017421614,11.996952793887722,4.001559276078875,0.0,269.3357202464373,269.2000043315089,269.20000000000033,269.2307692307692,ukraine_harness
233,15.810006854604662,269.2307692307692,53.48821522626988,51508.459915938125,0.9996609550026541,161.53846153846152,35.0,32.30769230769231,21.53846153846154,18.846153846153847,4.000599651121362,6.007498120282375,4.000599651121362,7.998885017421613,11.996952778400876,4.0015592799335895,0.0,269.33572050530887,269.2000041690588,269.2000000000003,269.2307692307692,ukraine_harness
234,15.810006869971112,269.2307692307692,53.780223851079185,52075.34933492022,0.9996593319092868,161.53846153846152,35.0,32.30769230769231,21.53846153846154,18.846153846153847,4.0005992165880855,6.007538568800154,4.0005992165880855,7.998885017421613,11.996952763494853,4.0015592837969445,0.0,269.3357207647608,269.2000040127012,269.2000000000003,269.2307692307692,ukraine_harness
235,15.810006885372006,269.2307692307692,54.073924942571594,52646.820922372615,0.9996577051948103,161.53846153846152,35.0,32.30769230769231,21.53846153846154,18.846153846153847,4.000598781080685,6.007579107994208,4.000598781080685,7.998885017421613,11.996952749147871,4.001559287668961,0.0,269.33572102479434,269.20000386220767,269.2000000000003,269.2307692307692,ukraine_harness
236,15.810006900807426,269.2307692307692,54.36932869189204,53222.90133701733,0.9996560748514005,161.53846153846152,35.0,32.30769230769231,21.53846153846154,18.846153846153847,4.000598344596977,6.007619738067812,4.000598344596977,7.998885017421613,11.996952735338962,4.001559291549657,0.0,269.33572128541084,269.2000037173583,269.2000000000003,269.2307692307692,ukraine_harness
237,15.810006916277452,269.2307692307692,54.66644535371043,53803.61739871489,0.9996544408712086,161.53846153846152,35.0,32.30769230769231,21.53846153846154,18.846153846153847,4.000597907134773,6.007660459224698,4.000597907134773,7.998885017421613,11.996952722047945,4.001559295439054,0.0,269.3357215466115,269.20000357794146,269.2000000000003,269.2307692307692,ukraine_harness
238,15.810006931782155,269.2307692307692,54.965285246632675,54388.99608947287,0.9996528032463626,161.53846153846152,35.0,32.30769230769231,21.53846153846154,18.846153846153847,4.000597468691879,6.0077012716690525,4.000597468691879,7.998885017421613,11.9969527092554,4.001559299337169,0.0,269.33572180839786,269.2000034437533,269.2000000000003,269.2307692307692,ukraine_harness
239,15.810006947321618,269.2307692307692,55.265858753614665,54979.06455446093,0.9996511619689655,161.53846153846152,35.0,32.30769230769231,21.53846153846154,18.846153846153847,4.000597029266097,6.007742175605522,4.000597029266097,7.998885017421613,11.996952696942628,4.001559303244023,0.0,269.33572207077094,269.2000033145978,269.2000000000003,269.2307692307692,ukraine_harness
240,15.810006962895915,269.2307692307692,55.56817632237892,55573.850103032375,0.9996495170310975,161.53846153846152,35.0,32.30769230769231,21.53846153846154,18.846153846153847,4.000596588855223,6.007783171239209,4.000596588855223,7.998885017421613,11.996952685091639,4.001559307159635,0.0,269.3357223337323,269.20000319028617,269.2000000000003,269.2307692307692,ukraine_harness
241,15.810006978505125,269.2307692307692,55.872248465834055,56173.38020975251,0.9996478684248153,161.53846153846152,35.0,32.30769230769231,21.53846153846154,18.846153846153847,4.000596147457049,6.00782425877568,4.000596147457049,7.998885017421613,11.996952673685113,4.001559311084025,0.0,269.3357225972831,269.20000307063674,269.2000000000003,269.2307692307692,ukraine_harness
242,15.810006994149326,269.2307692307692,56.17808576249717,56777.68251543356,0.9996462161421518,161.53846153846152,35.0,32.30769230769231,21.53846153846154,18.846153846153847,4.000595705069363,6.00786543842096,4.000595705069363,7.998885017421613,11.99695266270638,4.001559315017212,0.0,269.33572286142476,269.2000029554747,269.2000000000003,269.2307692307692,ukraine_harness
243,15.810007009828603,269.2307692307692,56.48569885691896,57386.784828176395,0.9996445601751166,161.53846153846152,35.0,32.30769230769231,21.53846153846154,18.846153846153847,4.000595261689944,6.007906710381534,4.000595261689944,7.998885017421613,11.996952652139399,4.001559318959218,0.0,269.3357231261585,269.20000284463174,269.2000000000003,269.2307692307692,ukraine_harness
244,15.810007025543026,269.2307692307692,56.79509846011181,58000.71512441896,0.9996429005156972,161.53846153846152,35.0,32.30769230769231,21.53846153846154,18.846153846153847,4.000594817316571,6.007948074864353,4.000594817316571,7.998885017421613,11.996952641968724,4.00155932291006,0.0,269.33572339148577,269.20000273794585,269.2000000000003,269.2307692307692,ukraine_harness
245,15.810007041292677,269.2307692307692,57.10629534998071,58619.50154999165,0.9996412371558576,161.53846153846152,35.0,32.30769230769231,21.53846153846154,18.846153846153847,4.000594371947016,6.007989532076829,4.000594371947016,7.998885017421613,11.996952632179493,4.001559326869758,0.0,269.33572365740787,269.20000263526117,269.2000000000003,269.2307692307692,ukraine_harness
246,15.810007057077637,269.2307692307692,57.41930037175713,59243.1724211794,0.9996395700875393,161.53846153846152,35.0,32.30769230769231,21.53846153846154,18.846153846153847,4.000593925579044,6.008031082226842,4.000593925579044,7.998885017421613,11.9969526227574,4.001559330838334,0.0,269.335723923926,269.20000253642763,269.2000000000003,269.2307692307692,ukraine_harness
247,15.810007072897982,269.2307692307692,57.73412443843576,59871.75622579086,0.9996378993026614,161.53846153846152,35.0,32.30769230769231,21.53846153846154,18.846153846153847,4.000593478210417,6.008072725522736,4.000593478210417,7.998885017421613,11.996952613688675,4.0015593348158065,0.0,269.3357241910417,269.2000024413007,269.2000000000003,269.2307692307692,ukraine_harness
248,15.81000708875379,269.2307692307692,58.050778531214306,60505.28162423436,0.9996362247931205,161.53846153846152,35.0,32.30769230769231,21.53846153846154,18.846153846153847,4.000593029838893,6.008114462173324,4.000593029838893,7.998885017421613,11.996952604960066,4.0015593388021955,0.0,269.3357244587562,269.20000234974145,269.2000000000003,269.2307692307692,ukraine_harness
249,15.810007104645146,269.2307692307692,58.36927369993617,61143.777450601076,0.9996345465507911,161.53846153846152,35.0,32.30769230769231,21.53846153846154,18.846153846153847,4.000592580462223,6.008156292387883,4.000592580462223,7.998885017421613,11.996952596558817,4.0015593427975205,0.0,269.33572472707084,269.2000022616161,269.2000000000003,269.2307692307692,ukraine_harness
250,15.810007120572125,269.2307692307692,58.689621063536165,61787.272713755076,0.9996328645675252,161.53846153846152,35.0,32.30769230769231,21.53846153846154,18.846153846153847,4.000592130078155,6.008198216376164,4.000592130078155,7.998885017421613,11.996952588472652,4.001559346801802,0.0,269.33572499598694,269.20000217679575,269.2000000000003,269.2307692307692,ukraine_harness
251,15.81000713653481,269.2307692307692,59.01183181048927,62435.796598430614,0.9996311788351531,161.53846153846152,35.0,32.30769230769231,21.53846153846154,18.846153846153847,4.000591678684429,6.008240234348386,4.000591678684429,7.998885017421613,11.996952580689753,4.001559350815061,0.0,269.3357252655059,269.2000020951566,269.2000000000003,269.2307692307692,ukraine_harness
252,15.81000715253328,269.2307692307692,59.33591719926237,63089.378466336486,0.9996294893454832,161.53846153846152,35.0,32.30769230769231,21.53846153846154,18.846153846153847,4.0005912262787815,6.008282346515238,4.0005912262787815,7.998885017421613,11.996952573198746,4.001559354837316,0.0,269.3357255356291,269.2000020165792,269.2000000000003,269.2307692307692,ukraine_harness
253,15.810007168567617,269.2307692307692,59.66188855876907,63748.04785726765,0.9996277960903022,161.53846153846152,35.0,32.30769230769231,21.53846153846154,18.846153846153847,4.000590772858945,6.008324553087885,4.000590772858945,7.998885017421613,11.996952565988682,4.001559358868588,0.0,269.3357258063578,269.2000019409489,269.2000000000003,269.2307692307692,ukraine_harness
254,15.810007184637897,269.2307692307692,59.98975728882768,64411.83449022407,0.9996260990613746,161.53846153846152,35.0,32.30769230769231,21.53846153846154,18.846153846153847,4.0005903184226455,6.008366854277961,4.0005903184226455,7.998885017421613,11.996952559049028,4.001559362908898,0.0,269.3357260776934,269.20000186815497,269.2000000000003,269.2307692307692,ukraine_harness
255,15.810007200744204,269.2307692307692,60.31953486062214,65080.76826453688,0.9996243982504437,161.53846153846152,35.0,32.30769230769231,21.53846153846154,18.846153846153847,4.000589862967605,6.008409250297577,4.000589862967605,7.998885017421613,11.99695255236964,4.001559366958265,0.0,269.33572634963735,269.20000179809114,269.2000000000003,269.2307692307692,ukraine_harness
256,15.810007216886618,269.2307692307692,60.65123281716622,65754.87926100187,0.9996226936492312,161.53846153846152,35.0,32.30769230769231,21.53846153846154,18.846153846153847,4.000589406491538,6.008451741359319,4.000589406491538,7.998885017421613,11.996952545940758,4.00155937101671,0.0,269.3357266221909,269.20000173065506,269.2000000000003,269.2307692307692,ukraine_harness
257,15.81000723306522,269.2307692307692,60.98486277377077,66434.19774302044,0.9996209852494379,161.53846153846152,35.0,32.30769230769231,21.53846153846154,18.846153846153847,4.0005889489921564,6.00849432767625,4.0005889489921564,7.998885017421613,11.996952539752986,4.001559375084253,0.0,269.3357268953555,269.20000166574806,269.2000000000003,269.2307692307692,ukraine_harness
258,15.810007249280087,269.2307692307692,61.32043641851423,67118.75415774793,0.9996192730427422,161.53846153846152,35.0,32.30769230769231,21.53846153846154,18.846153846153847,4.000588490467167,6.008537009461911,4.000588490467167,7.998885017421613,11.996952533797282,4.0015593791609145,0.0,269.3357271691324,269.2000016032753,269.2000000000003,269.2307692307692,ukraine_harness
259,15.810007265531304,269.2307692307692,61.65796551271623,67808.57913724947,0.9996175570208021,161.53846153846152,35.0,32.30769230769231,21.53846153846154,18.846153846153847,4.00058803091427,6.008579786930319,4.00058803091427,7.998885017421613,11.996952528064943,4.001559383246714,0.0,269.33572744352307,269.2000015431457,269.2000000000003,269.2307692307692,ukraine_harness
